
D:/Documents/MIPT/5th_term/Embedded_antlab/pico/112-blink/build/112_blink.elf:     file format elf32-littlearm

Sections:
Idx Name          Size      VMA       LMA       File off  Algn
  0 .boot2        00000100  10000000  10000000  00001000  2**0
                  CONTENTS, ALLOC, LOAD, READONLY, CODE
  1 .text         0000169c  10000100  10000100  00001100  2**3
                  CONTENTS, ALLOC, LOAD, READONLY, CODE
  2 .rodata       000000d8  1000179c  1000179c  0000279c  2**2
                  CONTENTS, ALLOC, LOAD, READONLY, DATA
  3 .binary_info  0000001c  10001874  10001874  00002874  2**2
                  CONTENTS, ALLOC, LOAD, READONLY, DATA
  4 .xip_ram      00000000  15000000  15000000  00003238  2**0
                  CONTENTS
  5 .ram_vector_table 000000c0  20000000  20000000  00004000  2**2
                  ALLOC
  6 .uninitialized_data 00000000  200000c0  200000c0  00003238  2**0
                  CONTENTS
  7 .data         00000178  200000c0  10001890  000030c0  2**4
                  CONTENTS, ALLOC, LOAD, READONLY, CODE
  8 .tdata        00000000  20000238  20000238  00003238  2**0
                  CONTENTS, ALLOC, LOAD, DATA, THREAD_LOCAL
  9 .tbss         00000000  20000238  20000238  00000000  2**0
                  ALLOC, THREAD_LOCAL
 10 .tbss_space   00000000  20000238  20000238  00003238  2**0
                  CONTENTS
 11 .bss          000003d0  20000238  10001a08  00003238  2**3
                  ALLOC
 12 .tls0         00000000  20000608  20000608  00003238  2**0
                  CONTENTS
 13 .tls1         00000000  20000608  20000608  00003238  2**0
                  CONTENTS
 14 .persistent_data 00000000  20000608  20000608  00003238  2**0
                  CONTENTS
 15 .dummy_pre_heap 00000000  20000608  20000608  00003238  2**0
                  CONTENTS
 16 .heap         00000800  20000608  20000608  00004000  2**2
                  ALLOC, READONLY
 17 .scratch_x    00000000  20040000  20040000  00003238  2**0
                  CONTENTS
 18 .scratch_y    00000000  20041000  20041000  00003238  2**0
                  CONTENTS
 19 .stack_dummy  00000800  20041000  20041000  00004000  2**5
                  ALLOC, READONLY
 20 .debug_info   00019981  00000000  00000000  00003238  2**0
                  CONTENTS, READONLY, DEBUGGING, OCTETS
 21 .debug_abbrev 0000451f  00000000  00000000  0001cbb9  2**0
                  CONTENTS, READONLY, DEBUGGING, OCTETS
 22 .debug_loc    000161ee  00000000  00000000  000210d8  2**0
                  CONTENTS, READONLY, DEBUGGING, OCTETS
 23 .debug_aranges 00000ea8  00000000  00000000  000372c8  2**3
                  CONTENTS, READONLY, DEBUGGING, OCTETS
 24 .debug_ranges 00007a40  00000000  00000000  00038170  2**3
                  CONTENTS, READONLY, DEBUGGING, OCTETS
 25 .debug_line   00015b74  00000000  00000000  0003fbb0  2**0
                  CONTENTS, READONLY, DEBUGGING, OCTETS
 26 .debug_str    00004b3f  00000000  00000000  00055724  2**0
                  CONTENTS, READONLY, DEBUGGING, OCTETS
 27 .comment      00000049  00000000  00000000  0005a263  2**0
                  CONTENTS, READONLY
 28 .ARM.attributes 0000002a  00000000  00000000  0005a2ac  2**0
                  CONTENTS, READONLY
 29 .debug_frame  000019a0  00000000  00000000  0005a2d8  2**2
                  CONTENTS, READONLY, DEBUGGING, OCTETS

D:/Documents/MIPT/5th_term/Embedded_antlab/pico/112-blink/build/112_blink.elf:     file format elf32-littlearm


Disassembly of section .boot2:

10000000 <__boot2_start__>:
10000000:	4b32b500 	.word	0x4b32b500
10000004:	60582021 	.word	0x60582021
10000008:	21026898 	.word	0x21026898
1000000c:	60984388 	.word	0x60984388
10000010:	611860d8 	.word	0x611860d8
10000014:	4b2e6158 	.word	0x4b2e6158
10000018:	60992100 	.word	0x60992100
1000001c:	61592102 	.word	0x61592102
10000020:	22f02101 	.word	0x22f02101
10000024:	492b5099 	.word	0x492b5099
10000028:	21016019 	.word	0x21016019
1000002c:	20356099 	.word	0x20356099
10000030:	f844f000 	.word	0xf844f000
10000034:	42902202 	.word	0x42902202
10000038:	2106d014 	.word	0x2106d014
1000003c:	f0006619 	.word	0xf0006619
10000040:	6e19f834 	.word	0x6e19f834
10000044:	66192101 	.word	0x66192101
10000048:	66182000 	.word	0x66182000
1000004c:	f000661a 	.word	0xf000661a
10000050:	6e19f82c 	.word	0x6e19f82c
10000054:	6e196e19 	.word	0x6e196e19
10000058:	f0002005 	.word	0xf0002005
1000005c:	2101f82f 	.word	0x2101f82f
10000060:	d1f94208 	.word	0xd1f94208
10000064:	60992100 	.word	0x60992100
10000068:	6019491b 	.word	0x6019491b
1000006c:	60592100 	.word	0x60592100
10000070:	481b491a 	.word	0x481b491a
10000074:	21016001 	.word	0x21016001
10000078:	21eb6099 	.word	0x21eb6099
1000007c:	21a06619 	.word	0x21a06619
10000080:	f0006619 	.word	0xf0006619
10000084:	2100f812 	.word	0x2100f812
10000088:	49166099 	.word	0x49166099
1000008c:	60014814 	.word	0x60014814
10000090:	60992101 	.word	0x60992101
10000094:	2800bc01 	.word	0x2800bc01
10000098:	4700d000 	.word	0x4700d000
1000009c:	49134812 	.word	0x49134812
100000a0:	c8036008 	.word	0xc8036008
100000a4:	8808f380 	.word	0x8808f380
100000a8:	b5034708 	.word	0xb5034708
100000ac:	20046a99 	.word	0x20046a99
100000b0:	d0fb4201 	.word	0xd0fb4201
100000b4:	42012001 	.word	0x42012001
100000b8:	bd03d1f8 	.word	0xbd03d1f8
100000bc:	6618b502 	.word	0x6618b502
100000c0:	f7ff6618 	.word	0xf7ff6618
100000c4:	6e18fff2 	.word	0x6e18fff2
100000c8:	bd026e18 	.word	0xbd026e18
100000cc:	40020000 	.word	0x40020000
100000d0:	18000000 	.word	0x18000000
100000d4:	00070000 	.word	0x00070000
100000d8:	005f0300 	.word	0x005f0300
100000dc:	00002221 	.word	0x00002221
100000e0:	180000f4 	.word	0x180000f4
100000e4:	a0002022 	.word	0xa0002022
100000e8:	10000100 	.word	0x10000100
100000ec:	e000ed08 	.word	0xe000ed08
	...
100000fc:	7a4eb274 	.word	0x7a4eb274

Disassembly of section .text:

10000100 <__VECTOR_TABLE>:
10000100:	20042000 	.word	0x20042000
10000104:	100001f7 	.word	0x100001f7
10000108:	100001cb 	.word	0x100001cb
1000010c:	100001cd 	.word	0x100001cd
10000110:	100001c9 	.word	0x100001c9
10000114:	100001c9 	.word	0x100001c9
10000118:	100001c9 	.word	0x100001c9
1000011c:	100001c9 	.word	0x100001c9
10000120:	100001c9 	.word	0x100001c9
10000124:	100001c9 	.word	0x100001c9
10000128:	100001c9 	.word	0x100001c9
1000012c:	100001cf 	.word	0x100001cf
10000130:	100001c9 	.word	0x100001c9
10000134:	100001c9 	.word	0x100001c9
10000138:	100001d1 	.word	0x100001d1
1000013c:	100001d3 	.word	0x100001d3
10000140:	100001c1 	.word	0x100001c1
10000144:	100001c1 	.word	0x100001c1
10000148:	100001c1 	.word	0x100001c1
1000014c:	100001c1 	.word	0x100001c1
10000150:	100001c1 	.word	0x100001c1
10000154:	100001c1 	.word	0x100001c1
10000158:	100001c1 	.word	0x100001c1
1000015c:	100001c1 	.word	0x100001c1
10000160:	100001c1 	.word	0x100001c1
10000164:	100001c1 	.word	0x100001c1
10000168:	100001c1 	.word	0x100001c1
1000016c:	100001c1 	.word	0x100001c1
10000170:	100001c1 	.word	0x100001c1
10000174:	100001c1 	.word	0x100001c1
10000178:	100001c1 	.word	0x100001c1
1000017c:	100001c1 	.word	0x100001c1
10000180:	100001c1 	.word	0x100001c1
10000184:	100001c1 	.word	0x100001c1
10000188:	100001c1 	.word	0x100001c1
1000018c:	100001c1 	.word	0x100001c1
10000190:	100001c1 	.word	0x100001c1
10000194:	100001c1 	.word	0x100001c1
10000198:	100001c1 	.word	0x100001c1
1000019c:	100001c1 	.word	0x100001c1
100001a0:	100001c1 	.word	0x100001c1
100001a4:	100001c1 	.word	0x100001c1
100001a8:	100001c1 	.word	0x100001c1
100001ac:	100001c1 	.word	0x100001c1
100001b0:	100001c1 	.word	0x100001c1
100001b4:	100001c1 	.word	0x100001c1
100001b8:	100001c1 	.word	0x100001c1
100001bc:	100001c1 	.word	0x100001c1

100001c0 <__unhandled_user_irq>:
100001c0:	f3ef 8005 	mrs	r0, IPSR
100001c4:	3810      	subs	r0, #16

100001c6 <unhandled_user_irq_num_in_r0>:
100001c6:	be00      	bkpt	0x0000

100001c8 <isr_invalid>:
100001c8:	be00      	bkpt	0x0000

100001ca <isr_nmi>:
100001ca:	be00      	bkpt	0x0000

100001cc <isr_hardfault>:
100001cc:	be00      	bkpt	0x0000

100001ce <isr_svcall>:
100001ce:	be00      	bkpt	0x0000

100001d0 <isr_pendsv>:
100001d0:	be00      	bkpt	0x0000

100001d2 <isr_systick>:
100001d2:	be00      	bkpt	0x0000

100001d4 <__default_isrs_end>:
100001d4:	7188ebf2 	.word	0x7188ebf2
100001d8:	10001874 	.word	0x10001874
100001dc:	10001890 	.word	0x10001890
100001e0:	10000238 	.word	0x10000238
100001e4:	e71aa390 	.word	0xe71aa390

100001e8 <_entry_point>:
100001e8:	2000      	movs	r0, #0

100001ea <_enter_vtable_in_r0>:
100001ea:	491e      	ldr	r1, [pc, #120]	; (10000264 <data_cpy_table+0x2c>)
100001ec:	6008      	str	r0, [r1, #0]
100001ee:	c806      	ldmia	r0!, {r1, r2}
100001f0:	f381 8808 	msr	MSP, r1
100001f4:	4710      	bx	r2

100001f6 <_reset_handler>:
100001f6:	481c      	ldr	r0, [pc, #112]	; (10000268 <data_cpy_table+0x30>)
100001f8:	6800      	ldr	r0, [r0, #0]
100001fa:	2800      	cmp	r0, #0
100001fc:	d001      	beq.n	10000202 <hold_non_core0_in_bootrom+0x4>

100001fe <hold_non_core0_in_bootrom>:
100001fe:	2000      	movs	r0, #0
10000200:	e7f3      	b.n	100001ea <_enter_vtable_in_r0>
10000202:	a40d      	add	r4, pc, #52	; (adr r4, 10000238 <data_cpy_table>)
10000204:	cc0e      	ldmia	r4!, {r1, r2, r3}
10000206:	2900      	cmp	r1, #0
10000208:	d002      	beq.n	10000210 <hold_non_core0_in_bootrom+0x12>
1000020a:	f000 f812 	bl	10000232 <data_cpy>
1000020e:	e7f9      	b.n	10000204 <hold_non_core0_in_bootrom+0x6>
10000210:	4916      	ldr	r1, [pc, #88]	; (1000026c <data_cpy_table+0x34>)
10000212:	4a17      	ldr	r2, [pc, #92]	; (10000270 <data_cpy_table+0x38>)
10000214:	2000      	movs	r0, #0
10000216:	e000      	b.n	1000021a <bss_fill_test>

10000218 <bss_fill_loop>:
10000218:	c101      	stmia	r1!, {r0}

1000021a <bss_fill_test>:
1000021a:	4291      	cmp	r1, r2
1000021c:	d1fc      	bne.n	10000218 <bss_fill_loop>

1000021e <platform_entry>:
1000021e:	4915      	ldr	r1, [pc, #84]	; (10000274 <data_cpy_table+0x3c>)
10000220:	4788      	blx	r1
10000222:	4915      	ldr	r1, [pc, #84]	; (10000278 <data_cpy_table+0x40>)
10000224:	4788      	blx	r1
10000226:	4915      	ldr	r1, [pc, #84]	; (1000027c <data_cpy_table+0x44>)
10000228:	4788      	blx	r1
1000022a:	be00      	bkpt	0x0000
1000022c:	e7fd      	b.n	1000022a <platform_entry+0xc>

1000022e <data_cpy_loop>:
1000022e:	c901      	ldmia	r1!, {r0}
10000230:	c201      	stmia	r2!, {r0}

10000232 <data_cpy>:
10000232:	429a      	cmp	r2, r3
10000234:	d3fb      	bcc.n	1000022e <data_cpy_loop>

10000236 <data_cpy_done>:
10000236:	4770      	bx	lr

10000238 <data_cpy_table>:
10000238:	10001890 	.word	0x10001890
1000023c:	200000c0 	.word	0x200000c0
10000240:	20000238 	.word	0x20000238
10000244:	10001a08 	.word	0x10001a08
10000248:	20040000 	.word	0x20040000
1000024c:	20040000 	.word	0x20040000
10000250:	10001a08 	.word	0x10001a08
10000254:	20041000 	.word	0x20041000
10000258:	20041000 	.word	0x20041000
1000025c:	00000000 	.word	0x00000000
10000260:	4770      	bx	lr
10000262:	0000      	.short	0x0000
10000264:	e000ed08 	.word	0xe000ed08
10000268:	d0000000 	.word	0xd0000000
1000026c:	20000238 	.word	0x20000238
10000270:	20000608 	.word	0x20000608
10000274:	1000140d 	.word	0x1000140d
10000278:	10000281 	.word	0x10000281
1000027c:	10001405 	.word	0x10001405

10000280 <main>:
10000280:	b570      	push	{r4, r5, r6, lr}
10000282:	24d0      	movs	r4, #208	; 0xd0
10000284:	2580      	movs	r5, #128	; 0x80
10000286:	2019      	movs	r0, #25
10000288:	0624      	lsls	r4, r4, #24
1000028a:	04ad      	lsls	r5, r5, #18
1000028c:	f000 f80a 	bl	100002a4 <gpio_init>
10000290:	6265      	str	r5, [r4, #36]	; 0x24
10000292:	20fa      	movs	r0, #250	; 0xfa
10000294:	6165      	str	r5, [r4, #20]
10000296:	f000 fc03 	bl	10000aa0 <sleep_ms>
1000029a:	20fa      	movs	r0, #250	; 0xfa
1000029c:	61a5      	str	r5, [r4, #24]
1000029e:	f000 fbff 	bl	10000aa0 <sleep_ms>
100002a2:	e7f6      	b.n	10000292 <main+0x12>

100002a4 <gpio_init>:
100002a4:	2301      	movs	r3, #1
100002a6:	22d0      	movs	r2, #208	; 0xd0
100002a8:	4083      	lsls	r3, r0
100002aa:	2140      	movs	r1, #64	; 0x40
100002ac:	0612      	lsls	r2, r2, #24
100002ae:	6293      	str	r3, [r2, #40]	; 0x28
100002b0:	6193      	str	r3, [r2, #24]
100002b2:	4a09      	ldr	r2, [pc, #36]	; (100002d8 <gpio_init+0x34>)
100002b4:	0083      	lsls	r3, r0, #2
100002b6:	189a      	adds	r2, r3, r2
100002b8:	6812      	ldr	r2, [r2, #0]
100002ba:	00c0      	lsls	r0, r0, #3
100002bc:	4051      	eors	r1, r2
100002be:	22c0      	movs	r2, #192	; 0xc0
100002c0:	400a      	ands	r2, r1
100002c2:	4906      	ldr	r1, [pc, #24]	; (100002dc <gpio_init+0x38>)
100002c4:	468c      	mov	ip, r1
100002c6:	4463      	add	r3, ip
100002c8:	601a      	str	r2, [r3, #0]
100002ca:	4b05      	ldr	r3, [pc, #20]	; (100002e0 <gpio_init+0x3c>)
100002cc:	469c      	mov	ip, r3
100002ce:	2305      	movs	r3, #5
100002d0:	4460      	add	r0, ip
100002d2:	6043      	str	r3, [r0, #4]
100002d4:	4770      	bx	lr
100002d6:	46c0      	nop			; (mov r8, r8)
100002d8:	4001c004 	.word	0x4001c004
100002dc:	4001d004 	.word	0x4001d004
100002e0:	40014000 	.word	0x40014000

100002e4 <panic>:
100002e4:	b40f      	push	{r0, r1, r2, r3}
100002e6:	b500      	push	{lr}
100002e8:	4808      	ldr	r0, [pc, #32]	; (1000030c <panic+0x28>)
100002ea:	b083      	sub	sp, #12
100002ec:	f001 f9d2 	bl	10001694 <__wrap_puts>
100002f0:	9b04      	ldr	r3, [sp, #16]
100002f2:	2b00      	cmp	r3, #0
100002f4:	d007      	beq.n	10000306 <panic+0x22>
100002f6:	a905      	add	r1, sp, #20
100002f8:	0018      	movs	r0, r3
100002fa:	9101      	str	r1, [sp, #4]
100002fc:	f001 f866 	bl	100013cc <weak_raw_vprintf>
10000300:	4803      	ldr	r0, [pc, #12]	; (10000310 <panic+0x2c>)
10000302:	f001 f9c7 	bl	10001694 <__wrap_puts>
10000306:	2001      	movs	r0, #1
10000308:	f001 f878 	bl	100013fc <_exit>
1000030c:	1000179c 	.word	0x1000179c
10000310:	10001800 	.word	0x10001800

10000314 <hw_claim_or_assert>:
10000314:	b570      	push	{r4, r5, r6, lr}
10000316:	f3ef 8c10 	mrs	ip, PRIMASK
1000031a:	b672      	cpsid	i
1000031c:	4d0d      	ldr	r5, [pc, #52]	; (10000354 <hw_claim_or_assert+0x40>)
1000031e:	682b      	ldr	r3, [r5, #0]
10000320:	2b00      	cmp	r3, #0
10000322:	d0fc      	beq.n	1000031e <hw_claim_or_assert+0xa>
10000324:	f3bf 8f5f 	dmb	sy
10000328:	2407      	movs	r4, #7
1000032a:	08cb      	lsrs	r3, r1, #3
1000032c:	18c6      	adds	r6, r0, r3
1000032e:	5cc0      	ldrb	r0, [r0, r3]
10000330:	2301      	movs	r3, #1
10000332:	400c      	ands	r4, r1
10000334:	40a3      	lsls	r3, r4
10000336:	001c      	movs	r4, r3
10000338:	4004      	ands	r4, r0
1000033a:	4203      	tst	r3, r0
1000033c:	d107      	bne.n	1000034e <hw_claim_or_assert+0x3a>
1000033e:	4303      	orrs	r3, r0
10000340:	7033      	strb	r3, [r6, #0]
10000342:	f3bf 8f5f 	dmb	sy
10000346:	602c      	str	r4, [r5, #0]
10000348:	f38c 8810 	msr	PRIMASK, ip
1000034c:	bd70      	pop	{r4, r5, r6, pc}
1000034e:	0010      	movs	r0, r2
10000350:	f7ff ffc8 	bl	100002e4 <panic>
10000354:	d000012c 	.word	0xd000012c

10000358 <next_striped_spin_lock_num>:
10000358:	4a04      	ldr	r2, [pc, #16]	; (1000036c <next_striped_spin_lock_num+0x14>)
1000035a:	7810      	ldrb	r0, [r2, #0]
1000035c:	1c43      	adds	r3, r0, #1
1000035e:	b2db      	uxtb	r3, r3
10000360:	2b17      	cmp	r3, #23
10000362:	d900      	bls.n	10000366 <next_striped_spin_lock_num+0xe>
10000364:	2310      	movs	r3, #16
10000366:	7013      	strb	r3, [r2, #0]
10000368:	4770      	bx	lr
1000036a:	46c0      	nop			; (mov r8, r8)
1000036c:	200001e8 	.word	0x200001e8

10000370 <spin_locks_reset>:
10000370:	2100      	movs	r1, #0
10000372:	4b04      	ldr	r3, [pc, #16]	; (10000384 <spin_locks_reset+0x14>)
10000374:	4a04      	ldr	r2, [pc, #16]	; (10000388 <spin_locks_reset+0x18>)
10000376:	f3bf 8f5f 	dmb	sy
1000037a:	c302      	stmia	r3!, {r1}
1000037c:	4293      	cmp	r3, r2
1000037e:	d1fa      	bne.n	10000376 <spin_locks_reset+0x6>
10000380:	4770      	bx	lr
10000382:	46c0      	nop			; (mov r8, r8)
10000384:	d0000100 	.word	0xd0000100
10000388:	d0000180 	.word	0xd0000180

1000038c <runtime_init_per_core_irq_priorities>:
1000038c:	4b05      	ldr	r3, [pc, #20]	; (100003a4 <runtime_init_per_core_irq_priorities+0x18>)
1000038e:	4a06      	ldr	r2, [pc, #24]	; (100003a8 <runtime_init_per_core_irq_priorities+0x1c>)
10000390:	6013      	str	r3, [r2, #0]
10000392:	4a06      	ldr	r2, [pc, #24]	; (100003ac <runtime_init_per_core_irq_priorities+0x20>)
10000394:	6013      	str	r3, [r2, #0]
10000396:	6053      	str	r3, [r2, #4]
10000398:	6093      	str	r3, [r2, #8]
1000039a:	60d3      	str	r3, [r2, #12]
1000039c:	6113      	str	r3, [r2, #16]
1000039e:	6153      	str	r3, [r2, #20]
100003a0:	6193      	str	r3, [r2, #24]
100003a2:	4770      	bx	lr
100003a4:	80808080 	.word	0x80808080
100003a8:	e000e400 	.word	0xe000e400
100003ac:	e000e404 	.word	0xe000e404

100003b0 <irq_set_enabled>:
100003b0:	231f      	movs	r3, #31
100003b2:	4018      	ands	r0, r3
100003b4:	3b1e      	subs	r3, #30
100003b6:	4083      	lsls	r3, r0
100003b8:	2900      	cmp	r1, #0
100003ba:	d005      	beq.n	100003c8 <irq_set_enabled+0x18>
100003bc:	21c0      	movs	r1, #192	; 0xc0
100003be:	4a04      	ldr	r2, [pc, #16]	; (100003d0 <irq_set_enabled+0x20>)
100003c0:	0049      	lsls	r1, r1, #1
100003c2:	5053      	str	r3, [r2, r1]
100003c4:	6013      	str	r3, [r2, #0]
100003c6:	4770      	bx	lr
100003c8:	2280      	movs	r2, #128	; 0x80
100003ca:	4901      	ldr	r1, [pc, #4]	; (100003d0 <irq_set_enabled+0x20>)
100003cc:	508b      	str	r3, [r1, r2]
100003ce:	e7fa      	b.n	100003c6 <irq_set_enabled+0x16>
100003d0:	e000e100 	.word	0xe000e100

100003d4 <irq_set_exclusive_handler>:
100003d4:	b510      	push	{r4, lr}
100003d6:	f3ef 8c10 	mrs	ip, PRIMASK
100003da:	b672      	cpsid	i
100003dc:	4a0f      	ldr	r2, [pc, #60]	; (1000041c <irq_set_exclusive_handler+0x48>)
100003de:	6813      	ldr	r3, [r2, #0]
100003e0:	2b00      	cmp	r3, #0
100003e2:	d0fc      	beq.n	100003de <irq_set_exclusive_handler+0xa>
100003e4:	f3bf 8f5f 	dmb	sy
100003e8:	4b0d      	ldr	r3, [pc, #52]	; (10000420 <irq_set_exclusive_handler+0x4c>)
100003ea:	3010      	adds	r0, #16
100003ec:	689b      	ldr	r3, [r3, #8]
100003ee:	0080      	lsls	r0, r0, #2
100003f0:	581b      	ldr	r3, [r3, r0]
100003f2:	4a0c      	ldr	r2, [pc, #48]	; (10000424 <irq_set_exclusive_handler+0x50>)
100003f4:	4293      	cmp	r3, r2
100003f6:	d003      	beq.n	10000400 <irq_set_exclusive_handler+0x2c>
100003f8:	4299      	cmp	r1, r3
100003fa:	d001      	beq.n	10000400 <irq_set_exclusive_handler+0x2c>
100003fc:	f000 fdb8 	bl	10000f70 <hard_assertion_failure>
10000400:	4b07      	ldr	r3, [pc, #28]	; (10000420 <irq_set_exclusive_handler+0x4c>)
10000402:	689b      	ldr	r3, [r3, #8]
10000404:	5019      	str	r1, [r3, r0]
10000406:	f3bf 8f5f 	dmb	sy
1000040a:	f3bf 8f5f 	dmb	sy
1000040e:	2200      	movs	r2, #0
10000410:	4b02      	ldr	r3, [pc, #8]	; (1000041c <irq_set_exclusive_handler+0x48>)
10000412:	601a      	str	r2, [r3, #0]
10000414:	f38c 8810 	msr	PRIMASK, ip
10000418:	bd10      	pop	{r4, pc}
1000041a:	46c0      	nop			; (mov r8, r8)
1000041c:	d0000124 	.word	0xd0000124
10000420:	e000ed00 	.word	0xe000ed00
10000424:	100001c1 	.word	0x100001c1

10000428 <lock_init>:
10000428:	4b02      	ldr	r3, [pc, #8]	; (10000434 <lock_init+0xc>)
1000042a:	469c      	mov	ip, r3
1000042c:	4461      	add	r1, ip
1000042e:	0089      	lsls	r1, r1, #2
10000430:	6001      	str	r1, [r0, #0]
10000432:	4770      	bx	lr
10000434:	34000040 	.word	0x34000040

10000438 <runtime_init_mutex>:
10000438:	b5f8      	push	{r3, r4, r5, r6, r7, lr}
1000043a:	4d13      	ldr	r5, [pc, #76]	; (10000488 <runtime_init_mutex+0x50>)
1000043c:	4e13      	ldr	r6, [pc, #76]	; (1000048c <runtime_init_mutex+0x54>)
1000043e:	002c      	movs	r4, r5
10000440:	27ff      	movs	r7, #255	; 0xff
10000442:	42b5      	cmp	r5, r6
10000444:	d21e      	bcs.n	10000484 <runtime_init_mutex+0x4c>
10000446:	6823      	ldr	r3, [r4, #0]
10000448:	2b00      	cmp	r3, #0
1000044a:	d00f      	beq.n	1000046c <runtime_init_mutex+0x34>
1000044c:	f7ff ff84 	bl	10000358 <next_striped_spin_lock_num>
10000450:	0001      	movs	r1, r0
10000452:	0028      	movs	r0, r5
10000454:	f7ff ffe8 	bl	10000428 <lock_init>
10000458:	80a7      	strh	r7, [r4, #4]
1000045a:	f3bf 8f5f 	dmb	sy
1000045e:	3408      	adds	r4, #8
10000460:	42b4      	cmp	r4, r6
10000462:	d20f      	bcs.n	10000484 <runtime_init_mutex+0x4c>
10000464:	6823      	ldr	r3, [r4, #0]
10000466:	0025      	movs	r5, r4
10000468:	2b00      	cmp	r3, #0
1000046a:	d1ef      	bne.n	1000044c <runtime_init_mutex+0x14>
1000046c:	f7ff ff74 	bl	10000358 <next_striped_spin_lock_num>
10000470:	0001      	movs	r1, r0
10000472:	0028      	movs	r0, r5
10000474:	f7ff ffd8 	bl	10000428 <lock_init>
10000478:	7127      	strb	r7, [r4, #4]
1000047a:	f3bf 8f5f 	dmb	sy
1000047e:	3408      	adds	r4, #8
10000480:	42b4      	cmp	r4, r6
10000482:	d3ef      	bcc.n	10000464 <runtime_init_mutex+0x2c>
10000484:	bdf8      	pop	{r3, r4, r5, r6, r7, pc}
10000486:	46c0      	nop			; (mov r8, r8)
10000488:	20000230 	.word	0x20000230
1000048c:	20000238 	.word	0x20000238

10000490 <sleep_until_callback>:
10000490:	4b0a      	ldr	r3, [pc, #40]	; (100004bc <sleep_until_callback+0x2c>)
10000492:	6819      	ldr	r1, [r3, #0]
10000494:	f3ef 8010 	mrs	r0, PRIMASK
10000498:	b672      	cpsid	i
1000049a:	680a      	ldr	r2, [r1, #0]
1000049c:	2a00      	cmp	r2, #0
1000049e:	d0fc      	beq.n	1000049a <sleep_until_callback+0xa>
100004a0:	f3bf 8f5f 	dmb	sy
100004a4:	681b      	ldr	r3, [r3, #0]
100004a6:	f3bf 8f5f 	dmb	sy
100004aa:	2200      	movs	r2, #0
100004ac:	601a      	str	r2, [r3, #0]
100004ae:	f380 8810 	msr	PRIMASK, r0
100004b2:	bf40      	sev
100004b4:	2000      	movs	r0, #0
100004b6:	2100      	movs	r1, #0
100004b8:	4770      	bx	lr
100004ba:	46c0      	nop			; (mov r8, r8)
100004bc:	20000604 	.word	0x20000604

100004c0 <alarm_pool_irq_handler>:
100004c0:	b5f0      	push	{r4, r5, r6, r7, lr}
100004c2:	46de      	mov	lr, fp
100004c4:	4657      	mov	r7, sl
100004c6:	464e      	mov	r6, r9
100004c8:	4645      	mov	r5, r8
100004ca:	b5e0      	push	{r5, r6, r7, lr}
100004cc:	b085      	sub	sp, #20
100004ce:	f3ef 8205 	mrs	r2, IPSR
100004d2:	2303      	movs	r3, #3
100004d4:	4013      	ands	r3, r2
100004d6:	009a      	lsls	r2, r3, #2
100004d8:	0011      	movs	r1, r2
100004da:	9203      	str	r2, [sp, #12]
100004dc:	4ab6      	ldr	r2, [pc, #728]	; (100007b8 <alarm_pool_irq_handler+0x2f8>)
100004de:	5852      	ldr	r2, [r2, r1]
100004e0:	4690      	mov	r8, r2
100004e2:	2201      	movs	r2, #1
100004e4:	409a      	lsls	r2, r3
100004e6:	4691      	mov	r9, r2
100004e8:	4bb4      	ldr	r3, [pc, #720]	; (100007bc <alarm_pool_irq_handler+0x2fc>)
100004ea:	601a      	str	r2, [r3, #0]
100004ec:	464b      	mov	r3, r9
100004ee:	48b4      	ldr	r0, [pc, #720]	; (100007c0 <alarm_pool_irq_handler+0x300>)
100004f0:	6343      	str	r3, [r0, #52]	; 0x34
100004f2:	4643      	mov	r3, r8
100004f4:	2208      	movs	r2, #8
100004f6:	5e9b      	ldrsh	r3, [r3, r2]
100004f8:	469a      	mov	sl, r3
100004fa:	2b00      	cmp	r3, #0
100004fc:	da3d      	bge.n	1000057a <alarm_pool_irq_handler+0xba>
100004fe:	4643      	mov	r3, r8
10000500:	889b      	ldrh	r3, [r3, #4]
10000502:	b21b      	sxth	r3, r3
10000504:	2b00      	cmp	r3, #0
10000506:	db00      	blt.n	1000050a <alarm_pool_irq_handler+0x4a>
10000508:	e0a1      	b.n	1000064e <alarm_pool_irq_handler+0x18e>
1000050a:	4643      	mov	r3, r8
1000050c:	799b      	ldrb	r3, [r3, #6]
1000050e:	2b00      	cmp	r3, #0
10000510:	d000      	beq.n	10000514 <alarm_pool_irq_handler+0x54>
10000512:	e0f3      	b.n	100006fc <alarm_pool_irq_handler+0x23c>
10000514:	4643      	mov	r3, r8
10000516:	2408      	movs	r4, #8
10000518:	5f1c      	ldrsh	r4, [r3, r4]
1000051a:	2c00      	cmp	r4, #0
1000051c:	db23      	blt.n	10000566 <alarm_pool_irq_handler+0xa6>
1000051e:	4642      	mov	r2, r8
10000520:	6952      	ldr	r2, [r2, #20]
10000522:	0063      	lsls	r3, r4, #1
10000524:	4694      	mov	ip, r2
10000526:	191b      	adds	r3, r3, r4
10000528:	00db      	lsls	r3, r3, #3
1000052a:	4463      	add	r3, ip
1000052c:	689c      	ldr	r4, [r3, #8]
1000052e:	68dd      	ldr	r5, [r3, #12]
10000530:	1c63      	adds	r3, r4, #1
10000532:	d100      	bne.n	10000536 <alarm_pool_irq_handler+0x76>
10000534:	e10f      	b.n	10000756 <alarm_pool_irq_handler+0x296>
10000536:	48a2      	ldr	r0, [pc, #648]	; (100007c0 <alarm_pool_irq_handler+0x300>)
10000538:	9903      	ldr	r1, [sp, #12]
1000053a:	4684      	mov	ip, r0
1000053c:	4461      	add	r1, ip
1000053e:	6a82      	ldr	r2, [r0, #40]	; 0x28
10000540:	690b      	ldr	r3, [r1, #16]
10000542:	1aa6      	subs	r6, r4, r2
10000544:	1a9b      	subs	r3, r3, r2
10000546:	429e      	cmp	r6, r3
10000548:	d315      	bcc.n	10000576 <alarm_pool_irq_handler+0xb6>
1000054a:	464a      	mov	r2, r9
1000054c:	6a03      	ldr	r3, [r0, #32]
1000054e:	421a      	tst	r2, r3
10000550:	d011      	beq.n	10000576 <alarm_pool_irq_handler+0xb6>
10000552:	489b      	ldr	r0, [pc, #620]	; (100007c0 <alarm_pool_irq_handler+0x300>)
10000554:	f000 fb56 	bl	10000c04 <timer_time_us_64>
10000558:	1a24      	subs	r4, r4, r0
1000055a:	418d      	sbcs	r5, r1
1000055c:	2d00      	cmp	r5, #0
1000055e:	dc02      	bgt.n	10000566 <alarm_pool_irq_handler+0xa6>
10000560:	d1c4      	bne.n	100004ec <alarm_pool_irq_handler+0x2c>
10000562:	2c00      	cmp	r4, #0
10000564:	d0c2      	beq.n	100004ec <alarm_pool_irq_handler+0x2c>
10000566:	bf40      	sev
10000568:	b005      	add	sp, #20
1000056a:	bcf0      	pop	{r4, r5, r6, r7}
1000056c:	46bb      	mov	fp, r7
1000056e:	46b2      	mov	sl, r6
10000570:	46a9      	mov	r9, r5
10000572:	46a0      	mov	r8, r4
10000574:	bdf0      	pop	{r4, r5, r6, r7, pc}
10000576:	610c      	str	r4, [r1, #16]
10000578:	e7eb      	b.n	10000552 <alarm_pool_irq_handler+0x92>
1000057a:	4642      	mov	r2, r8
1000057c:	6952      	ldr	r2, [r2, #20]
1000057e:	005b      	lsls	r3, r3, #1
10000580:	4693      	mov	fp, r2
10000582:	4453      	add	r3, sl
10000584:	00db      	lsls	r3, r3, #3
10000586:	449b      	add	fp, r3
10000588:	465b      	mov	r3, fp
1000058a:	689e      	ldr	r6, [r3, #8]
1000058c:	68df      	ldr	r7, [r3, #12]
1000058e:	f000 fb39 	bl	10000c04 <timer_time_us_64>
10000592:	1b80      	subs	r0, r0, r6
10000594:	41b9      	sbcs	r1, r7
10000596:	2900      	cmp	r1, #0
10000598:	dbb1      	blt.n	100004fe <alarm_pool_irq_handler+0x3e>
1000059a:	2f00      	cmp	r7, #0
1000059c:	da00      	bge.n	100005a0 <alarm_pool_irq_handler+0xe0>
1000059e:	e0e5      	b.n	1000076c <alarm_pool_irq_handler+0x2ac>
100005a0:	465b      	mov	r3, fp
100005a2:	4a88      	ldr	r2, [pc, #544]	; (100007c4 <alarm_pool_irq_handler+0x304>)
100005a4:	691b      	ldr	r3, [r3, #16]
100005a6:	4293      	cmp	r3, r2
100005a8:	d100      	bne.n	100005ac <alarm_pool_irq_handler+0xec>
100005aa:	e0d8      	b.n	1000075e <alarm_pool_irq_handler+0x29e>
100005ac:	4641      	mov	r1, r8
100005ae:	465a      	mov	r2, fp
100005b0:	2008      	movs	r0, #8
100005b2:	5e08      	ldrsh	r0, [r1, r0]
100005b4:	8852      	ldrh	r2, [r2, #2]
100005b6:	0400      	lsls	r0, r0, #16
100005b8:	4310      	orrs	r0, r2
100005ba:	465a      	mov	r2, fp
100005bc:	6951      	ldr	r1, [r2, #20]
100005be:	4798      	blx	r3
100005c0:	0004      	movs	r4, r0
100005c2:	000d      	movs	r5, r1
100005c4:	0023      	movs	r3, r4
100005c6:	432b      	orrs	r3, r5
100005c8:	d100      	bne.n	100005cc <alarm_pool_irq_handler+0x10c>
100005ca:	e0cf      	b.n	1000076c <alarm_pool_irq_handler+0x2ac>
100005cc:	2d00      	cmp	r5, #0
100005ce:	db00      	blt.n	100005d2 <alarm_pool_irq_handler+0x112>
100005d0:	e0e8      	b.n	100007a4 <alarm_pool_irq_handler+0x2e4>
100005d2:	1b36      	subs	r6, r6, r4
100005d4:	41af      	sbcs	r7, r5
100005d6:	0034      	movs	r4, r6
100005d8:	003d      	movs	r5, r7
100005da:	465b      	mov	r3, fp
100005dc:	609c      	str	r4, [r3, #8]
100005de:	60dd      	str	r5, [r3, #12]
100005e0:	2100      	movs	r1, #0
100005e2:	5e59      	ldrsh	r1, [r3, r1]
100005e4:	2900      	cmp	r1, #0
100005e6:	da00      	bge.n	100005ea <alarm_pool_irq_handler+0x12a>
100005e8:	e789      	b.n	100004fe <alarm_pool_irq_handler+0x3e>
100005ea:	4643      	mov	r3, r8
100005ec:	695b      	ldr	r3, [r3, #20]
100005ee:	0022      	movs	r2, r4
100005f0:	469c      	mov	ip, r3
100005f2:	002b      	movs	r3, r5
100005f4:	0048      	lsls	r0, r1, #1
100005f6:	1840      	adds	r0, r0, r1
100005f8:	00c0      	lsls	r0, r0, #3
100005fa:	4460      	add	r0, ip
100005fc:	6886      	ldr	r6, [r0, #8]
100005fe:	68c7      	ldr	r7, [r0, #12]
10000600:	1b92      	subs	r2, r2, r6
10000602:	41bb      	sbcs	r3, r7
10000604:	2b00      	cmp	r3, #0
10000606:	da00      	bge.n	1000060a <alarm_pool_irq_handler+0x14a>
10000608:	e779      	b.n	100004fe <alarm_pool_irq_handler+0x3e>
1000060a:	4643      	mov	r3, r8
1000060c:	4666      	mov	r6, ip
1000060e:	0002      	movs	r2, r0
10000610:	9400      	str	r4, [sp, #0]
10000612:	9501      	str	r5, [sp, #4]
10000614:	8119      	strh	r1, [r3, #8]
10000616:	e00c      	b.n	10000632 <alarm_pool_irq_handler+0x172>
10000618:	007b      	lsls	r3, r7, #1
1000061a:	19db      	adds	r3, r3, r7
1000061c:	00db      	lsls	r3, r3, #3
1000061e:	18f3      	adds	r3, r6, r3
10000620:	9800      	ldr	r0, [sp, #0]
10000622:	9901      	ldr	r1, [sp, #4]
10000624:	689c      	ldr	r4, [r3, #8]
10000626:	68dd      	ldr	r5, [r3, #12]
10000628:	1b00      	subs	r0, r0, r4
1000062a:	41a9      	sbcs	r1, r5
1000062c:	2900      	cmp	r1, #0
1000062e:	db04      	blt.n	1000063a <alarm_pool_irq_handler+0x17a>
10000630:	001a      	movs	r2, r3
10000632:	2300      	movs	r3, #0
10000634:	5ed7      	ldrsh	r7, [r2, r3]
10000636:	2f00      	cmp	r7, #0
10000638:	daee      	bge.n	10000618 <alarm_pool_irq_handler+0x158>
1000063a:	465b      	mov	r3, fp
1000063c:	801f      	strh	r7, [r3, #0]
1000063e:	4653      	mov	r3, sl
10000640:	8013      	strh	r3, [r2, #0]
10000642:	4643      	mov	r3, r8
10000644:	889b      	ldrh	r3, [r3, #4]
10000646:	b21b      	sxth	r3, r3
10000648:	2b00      	cmp	r3, #0
1000064a:	da00      	bge.n	1000064e <alarm_pool_irq_handler+0x18e>
1000064c:	e75d      	b.n	1000050a <alarm_pool_irq_handler+0x4a>
1000064e:	4643      	mov	r3, r8
10000650:	691a      	ldr	r2, [r3, #16]
10000652:	f3ef 8110 	mrs	r1, PRIMASK
10000656:	b672      	cpsid	i
10000658:	6813      	ldr	r3, [r2, #0]
1000065a:	2b00      	cmp	r3, #0
1000065c:	d0fc      	beq.n	10000658 <alarm_pool_irq_handler+0x198>
1000065e:	f3bf 8f5f 	dmb	sy
10000662:	4643      	mov	r3, r8
10000664:	889b      	ldrh	r3, [r3, #4]
10000666:	4642      	mov	r2, r8
10000668:	b21b      	sxth	r3, r3
1000066a:	469a      	mov	sl, r3
1000066c:	2301      	movs	r3, #1
1000066e:	425b      	negs	r3, r3
10000670:	8093      	strh	r3, [r2, #4]
10000672:	6913      	ldr	r3, [r2, #16]
10000674:	f3bf 8f5f 	dmb	sy
10000678:	2200      	movs	r2, #0
1000067a:	601a      	str	r2, [r3, #0]
1000067c:	f381 8810 	msr	PRIMASK, r1
10000680:	4653      	mov	r3, sl
10000682:	2b00      	cmp	r3, #0
10000684:	da00      	bge.n	10000688 <alarm_pool_irq_handler+0x1c8>
10000686:	e740      	b.n	1000050a <alarm_pool_irq_handler+0x4a>
10000688:	4643      	mov	r3, r8
1000068a:	695b      	ldr	r3, [r3, #20]
1000068c:	469c      	mov	ip, r3
1000068e:	2308      	movs	r3, #8
10000690:	4443      	add	r3, r8
10000692:	469b      	mov	fp, r3
10000694:	4653      	mov	r3, sl
10000696:	005f      	lsls	r7, r3, #1
10000698:	4643      	mov	r3, r8
1000069a:	4457      	add	r7, sl
1000069c:	00ff      	lsls	r7, r7, #3
1000069e:	2208      	movs	r2, #8
100006a0:	5e9a      	ldrsh	r2, [r3, r2]
100006a2:	4467      	add	r7, ip
100006a4:	465e      	mov	r6, fp
100006a6:	68bc      	ldr	r4, [r7, #8]
100006a8:	68fd      	ldr	r5, [r7, #12]
100006aa:	2a00      	cmp	r2, #0
100006ac:	db19      	blt.n	100006e2 <alarm_pool_irq_handler+0x222>
100006ae:	003b      	movs	r3, r7
100006b0:	9400      	str	r4, [sp, #0]
100006b2:	9501      	str	r5, [sp, #4]
100006b4:	4667      	mov	r7, ip
100006b6:	469c      	mov	ip, r3
100006b8:	e004      	b.n	100006c4 <alarm_pool_irq_handler+0x204>
100006ba:	001e      	movs	r6, r3
100006bc:	2300      	movs	r3, #0
100006be:	5ef2      	ldrsh	r2, [r6, r3]
100006c0:	2a00      	cmp	r2, #0
100006c2:	db0b      	blt.n	100006dc <alarm_pool_irq_handler+0x21c>
100006c4:	9800      	ldr	r0, [sp, #0]
100006c6:	9901      	ldr	r1, [sp, #4]
100006c8:	0053      	lsls	r3, r2, #1
100006ca:	189b      	adds	r3, r3, r2
100006cc:	00db      	lsls	r3, r3, #3
100006ce:	18fb      	adds	r3, r7, r3
100006d0:	689c      	ldr	r4, [r3, #8]
100006d2:	68dd      	ldr	r5, [r3, #12]
100006d4:	1b00      	subs	r0, r0, r4
100006d6:	41a9      	sbcs	r1, r5
100006d8:	2900      	cmp	r1, #0
100006da:	daee      	bge.n	100006ba <alarm_pool_irq_handler+0x1fa>
100006dc:	4663      	mov	r3, ip
100006de:	46bc      	mov	ip, r7
100006e0:	001f      	movs	r7, r3
100006e2:	4653      	mov	r3, sl
100006e4:	8033      	strh	r3, [r6, #0]
100006e6:	2100      	movs	r1, #0
100006e8:	5e7b      	ldrsh	r3, [r7, r1]
100006ea:	803a      	strh	r2, [r7, #0]
100006ec:	469a      	mov	sl, r3
100006ee:	2b00      	cmp	r3, #0
100006f0:	dad0      	bge.n	10000694 <alarm_pool_irq_handler+0x1d4>
100006f2:	4643      	mov	r3, r8
100006f4:	799b      	ldrb	r3, [r3, #6]
100006f6:	2b00      	cmp	r3, #0
100006f8:	d100      	bne.n	100006fc <alarm_pool_irq_handler+0x23c>
100006fa:	e70b      	b.n	10000514 <alarm_pool_irq_handler+0x54>
100006fc:	2300      	movs	r3, #0
100006fe:	4642      	mov	r2, r8
10000700:	7193      	strb	r3, [r2, #6]
10000702:	4643      	mov	r3, r8
10000704:	4646      	mov	r6, r8
10000706:	2108      	movs	r1, #8
10000708:	5e59      	ldrsh	r1, [r3, r1]
1000070a:	3608      	adds	r6, #8
1000070c:	1c4b      	adds	r3, r1, #1
1000070e:	d100      	bne.n	10000712 <alarm_pool_irq_handler+0x252>
10000710:	e729      	b.n	10000566 <alarm_pool_irq_handler+0xa6>
10000712:	4647      	mov	r7, r8
10000714:	468c      	mov	ip, r1
10000716:	6955      	ldr	r5, [r2, #20]
10000718:	e002      	b.n	10000720 <alarm_pool_irq_handler+0x260>
1000071a:	0006      	movs	r6, r0
1000071c:	1c4b      	adds	r3, r1, #1
1000071e:	d017      	beq.n	10000750 <alarm_pool_irq_handler+0x290>
10000720:	004b      	lsls	r3, r1, #1
10000722:	185b      	adds	r3, r3, r1
10000724:	00db      	lsls	r3, r3, #3
10000726:	18e8      	adds	r0, r5, r3
10000728:	000a      	movs	r2, r1
1000072a:	5ee9      	ldrsh	r1, [r5, r3]
1000072c:	8843      	ldrh	r3, [r0, #2]
1000072e:	b21b      	sxth	r3, r3
10000730:	2b00      	cmp	r3, #0
10000732:	daf2      	bge.n	1000071a <alarm_pool_irq_handler+0x25a>
10000734:	2301      	movs	r3, #1
10000736:	425b      	negs	r3, r3
10000738:	17dc      	asrs	r4, r3, #31
1000073a:	6083      	str	r3, [r0, #8]
1000073c:	60c4      	str	r4, [r0, #12]
1000073e:	4562      	cmp	r2, ip
10000740:	d0ec      	beq.n	1000071c <alarm_pool_irq_handler+0x25c>
10000742:	8031      	strh	r1, [r6, #0]
10000744:	893b      	ldrh	r3, [r7, #8]
10000746:	4694      	mov	ip, r2
10000748:	8003      	strh	r3, [r0, #0]
1000074a:	813a      	strh	r2, [r7, #8]
1000074c:	1c4b      	adds	r3, r1, #1
1000074e:	d1e7      	bne.n	10000720 <alarm_pool_irq_handler+0x260>
10000750:	46b8      	mov	r8, r7
10000752:	4664      	mov	r4, ip
10000754:	e6e1      	b.n	1000051a <alarm_pool_irq_handler+0x5a>
10000756:	1c6b      	adds	r3, r5, #1
10000758:	d000      	beq.n	1000075c <alarm_pool_irq_handler+0x29c>
1000075a:	e6ec      	b.n	10000536 <alarm_pool_irq_handler+0x76>
1000075c:	e6f9      	b.n	10000552 <alarm_pool_irq_handler+0x92>
1000075e:	465b      	mov	r3, fp
10000760:	695c      	ldr	r4, [r3, #20]
10000762:	0020      	movs	r0, r4
10000764:	6923      	ldr	r3, [r4, #16]
10000766:	4798      	blx	r3
10000768:	2800      	cmp	r0, #0
1000076a:	d121      	bne.n	100007b0 <alarm_pool_irq_handler+0x2f0>
1000076c:	465b      	mov	r3, fp
1000076e:	4642      	mov	r2, r8
10000770:	881b      	ldrh	r3, [r3, #0]
10000772:	8113      	strh	r3, [r2, #8]
10000774:	6912      	ldr	r2, [r2, #16]
10000776:	f3ef 8310 	mrs	r3, PRIMASK
1000077a:	b672      	cpsid	i
1000077c:	6811      	ldr	r1, [r2, #0]
1000077e:	2900      	cmp	r1, #0
10000780:	d0fc      	beq.n	1000077c <alarm_pool_irq_handler+0x2bc>
10000782:	f3bf 8f5f 	dmb	sy
10000786:	4642      	mov	r2, r8
10000788:	4659      	mov	r1, fp
1000078a:	8852      	ldrh	r2, [r2, #2]
1000078c:	800a      	strh	r2, [r1, #0]
1000078e:	4642      	mov	r2, r8
10000790:	4651      	mov	r1, sl
10000792:	8051      	strh	r1, [r2, #2]
10000794:	6912      	ldr	r2, [r2, #16]
10000796:	f3bf 8f5f 	dmb	sy
1000079a:	2100      	movs	r1, #0
1000079c:	6011      	str	r1, [r2, #0]
1000079e:	f383 8810 	msr	PRIMASK, r3
100007a2:	e6ac      	b.n	100004fe <alarm_pool_irq_handler+0x3e>
100007a4:	4806      	ldr	r0, [pc, #24]	; (100007c0 <alarm_pool_irq_handler+0x300>)
100007a6:	f000 fa2d 	bl	10000c04 <timer_time_us_64>
100007aa:	1824      	adds	r4, r4, r0
100007ac:	414d      	adcs	r5, r1
100007ae:	e714      	b.n	100005da <alarm_pool_irq_handler+0x11a>
100007b0:	6865      	ldr	r5, [r4, #4]
100007b2:	6824      	ldr	r4, [r4, #0]
100007b4:	e706      	b.n	100005c4 <alarm_pool_irq_handler+0x104>
100007b6:	46c0      	nop			; (mov r8, r8)
100007b8:	200005f0 	.word	0x200005f0
100007bc:	4005703c 	.word	0x4005703c
100007c0:	40054000 	.word	0x40054000
100007c4:	100004c1 	.word	0x100004c1

100007c8 <runtime_init_default_alarm_pool>:
100007c8:	b570      	push	{r4, r5, r6, lr}
100007ca:	4c2e      	ldr	r4, [pc, #184]	; (10000884 <runtime_init_default_alarm_pool+0xbc>)
100007cc:	6925      	ldr	r5, [r4, #16]
100007ce:	2d00      	cmp	r5, #0
100007d0:	d004      	beq.n	100007dc <runtime_init_default_alarm_pool+0x14>
100007d2:	210a      	movs	r1, #10
100007d4:	482c      	ldr	r0, [pc, #176]	; (10000888 <runtime_init_default_alarm_pool+0xc0>)
100007d6:	f7ff fe27 	bl	10000428 <lock_init>
100007da:	bd70      	pop	{r4, r5, r6, pc}
100007dc:	4e2b      	ldr	r6, [pc, #172]	; (1000088c <runtime_init_default_alarm_pool+0xc4>)
100007de:	2103      	movs	r1, #3
100007e0:	0030      	movs	r0, r6
100007e2:	f000 fa05 	bl	10000bf0 <timer_hardware_alarm_claim>
100007e6:	60e6      	str	r6, [r4, #12]
100007e8:	f7ff fdb6 	bl	10000358 <next_striped_spin_lock_num>
100007ec:	4b28      	ldr	r3, [pc, #160]	; (10000890 <runtime_init_default_alarm_pool+0xc8>)
100007ee:	2203      	movs	r2, #3
100007f0:	469c      	mov	ip, r3
100007f2:	23d0      	movs	r3, #208	; 0xd0
100007f4:	7022      	strb	r2, [r4, #0]
100007f6:	061b      	lsls	r3, r3, #24
100007f8:	681b      	ldr	r3, [r3, #0]
100007fa:	2101      	movs	r1, #1
100007fc:	7063      	strb	r3, [r4, #1]
100007fe:	4b25      	ldr	r3, [pc, #148]	; (10000894 <runtime_init_default_alarm_pool+0xcc>)
10000800:	4460      	add	r0, ip
10000802:	60a3      	str	r3, [r4, #8]
10000804:	230f      	movs	r3, #15
10000806:	0080      	lsls	r0, r0, #2
10000808:	6120      	str	r0, [r4, #16]
1000080a:	2002      	movs	r0, #2
1000080c:	8063      	strh	r3, [r4, #2]
1000080e:	6963      	ldr	r3, [r4, #20]
10000810:	4249      	negs	r1, r1
10000812:	80a1      	strh	r1, [r4, #4]
10000814:	8019      	strh	r1, [r3, #0]
10000816:	3102      	adds	r1, #2
10000818:	8619      	strh	r1, [r3, #48]	; 0x30
1000081a:	3147      	adds	r1, #71	; 0x47
1000081c:	831d      	strh	r5, [r3, #24]
1000081e:	5258      	strh	r0, [r3, r1]
10000820:	3118      	adds	r1, #24
10000822:	525a      	strh	r2, [r3, r1]
10000824:	3275      	adds	r2, #117	; 0x75
10000826:	395c      	subs	r1, #92	; 0x5c
10000828:	5299      	strh	r1, [r3, r2]
1000082a:	3218      	adds	r2, #24
1000082c:	3101      	adds	r1, #1
1000082e:	5299      	strh	r1, [r3, r2]
10000830:	3218      	adds	r2, #24
10000832:	3101      	adds	r1, #1
10000834:	5299      	strh	r1, [r3, r2]
10000836:	3218      	adds	r2, #24
10000838:	3101      	adds	r1, #1
1000083a:	5299      	strh	r1, [r3, r2]
1000083c:	3508      	adds	r5, #8
1000083e:	3218      	adds	r2, #24
10000840:	529d      	strh	r5, [r3, r2]
10000842:	3102      	adds	r1, #2
10000844:	3218      	adds	r2, #24
10000846:	5299      	strh	r1, [r3, r2]
10000848:	3218      	adds	r2, #24
1000084a:	3101      	adds	r1, #1
1000084c:	5299      	strh	r1, [r3, r2]
1000084e:	3218      	adds	r2, #24
10000850:	3101      	adds	r1, #1
10000852:	5299      	strh	r1, [r3, r2]
10000854:	3218      	adds	r2, #24
10000856:	3101      	adds	r1, #1
10000858:	5299      	strh	r1, [r3, r2]
1000085a:	3218      	adds	r2, #24
1000085c:	3101      	adds	r1, #1
1000085e:	5299      	strh	r1, [r3, r2]
10000860:	3218      	adds	r2, #24
10000862:	3101      	adds	r1, #1
10000864:	5299      	strh	r1, [r3, r2]
10000866:	4b0c      	ldr	r3, [pc, #48]	; (10000898 <runtime_init_default_alarm_pool+0xd0>)
10000868:	490c      	ldr	r1, [pc, #48]	; (1000089c <runtime_init_default_alarm_pool+0xd4>)
1000086a:	60dc      	str	r4, [r3, #12]
1000086c:	3001      	adds	r0, #1
1000086e:	6235      	str	r5, [r6, #32]
10000870:	f7ff fdb0 	bl	100003d4 <irq_set_exclusive_handler>
10000874:	2101      	movs	r1, #1
10000876:	2003      	movs	r0, #3
10000878:	f7ff fd9a 	bl	100003b0 <irq_set_enabled>
1000087c:	4b08      	ldr	r3, [pc, #32]	; (100008a0 <runtime_init_default_alarm_pool+0xd8>)
1000087e:	601d      	str	r5, [r3, #0]
10000880:	e7a7      	b.n	100007d2 <runtime_init_default_alarm_pool+0xa>
10000882:	46c0      	nop			; (mov r8, r8)
10000884:	200001ec 	.word	0x200001ec
10000888:	20000604 	.word	0x20000604
1000088c:	40054000 	.word	0x40054000
10000890:	34000040 	.word	0x34000040
10000894:	0010ffff 	.word	0x0010ffff
10000898:	200005f0 	.word	0x200005f0
1000089c:	100004c1 	.word	0x100004c1
100008a0:	40056038 	.word	0x40056038

100008a4 <alarm_pool_add_alarm_at_force_in_context>:
100008a4:	b570      	push	{r4, r5, r6, lr}
100008a6:	46c6      	mov	lr, r8
100008a8:	0001      	movs	r1, r0
100008aa:	b500      	push	{lr}
100008ac:	6904      	ldr	r4, [r0, #16]
100008ae:	f3ef 8c10 	mrs	ip, PRIMASK
100008b2:	b672      	cpsid	i
100008b4:	6820      	ldr	r0, [r4, #0]
100008b6:	2800      	cmp	r0, #0
100008b8:	d0fc      	beq.n	100008b4 <alarm_pool_add_alarm_at_force_in_context+0x10>
100008ba:	f3bf 8f5f 	dmb	sy
100008be:	2002      	movs	r0, #2
100008c0:	5e0d      	ldrsh	r5, [r1, r0]
100008c2:	6948      	ldr	r0, [r1, #20]
100008c4:	006c      	lsls	r4, r5, #1
100008c6:	4680      	mov	r8, r0
100008c8:	1964      	adds	r4, r4, r5
100008ca:	00e4      	lsls	r4, r4, #3
100008cc:	4444      	add	r4, r8
100008ce:	2d00      	cmp	r5, #0
100008d0:	db01      	blt.n	100008d6 <alarm_pool_add_alarm_at_force_in_context+0x32>
100008d2:	8820      	ldrh	r0, [r4, #0]
100008d4:	8048      	strh	r0, [r1, #2]
100008d6:	6908      	ldr	r0, [r1, #16]
100008d8:	f3bf 8f5f 	dmb	sy
100008dc:	2600      	movs	r6, #0
100008de:	6006      	str	r6, [r0, #0]
100008e0:	f38c 8810 	msr	PRIMASK, ip
100008e4:	2d00      	cmp	r5, #0
100008e6:	db30      	blt.n	1000094a <alarm_pool_add_alarm_at_force_in_context+0xa6>
100008e8:	60e3      	str	r3, [r4, #12]
100008ea:	8863      	ldrh	r3, [r4, #2]
100008ec:	9805      	ldr	r0, [sp, #20]
100008ee:	3301      	adds	r3, #1
100008f0:	6120      	str	r0, [r4, #16]
100008f2:	045b      	lsls	r3, r3, #17
100008f4:	9806      	ldr	r0, [sp, #24]
100008f6:	0c5b      	lsrs	r3, r3, #17
100008f8:	60a2      	str	r2, [r4, #8]
100008fa:	6160      	str	r0, [r4, #20]
100008fc:	1c1a      	adds	r2, r3, #0
100008fe:	2b00      	cmp	r3, #0
10000900:	d021      	beq.n	10000946 <alarm_pool_add_alarm_at_force_in_context+0xa2>
10000902:	b290      	uxth	r0, r2
10000904:	042b      	lsls	r3, r5, #16
10000906:	8062      	strh	r2, [r4, #2]
10000908:	4318      	orrs	r0, r3
1000090a:	690a      	ldr	r2, [r1, #16]
1000090c:	f3ef 8610 	mrs	r6, PRIMASK
10000910:	b672      	cpsid	i
10000912:	6813      	ldr	r3, [r2, #0]
10000914:	2b00      	cmp	r3, #0
10000916:	d0fc      	beq.n	10000912 <alarm_pool_add_alarm_at_force_in_context+0x6e>
10000918:	f3bf 8f5f 	dmb	sy
1000091c:	888b      	ldrh	r3, [r1, #4]
1000091e:	8023      	strh	r3, [r4, #0]
10000920:	808d      	strh	r5, [r1, #4]
10000922:	690b      	ldr	r3, [r1, #16]
10000924:	f3bf 8f5f 	dmb	sy
10000928:	2200      	movs	r2, #0
1000092a:	601a      	str	r2, [r3, #0]
1000092c:	f386 8810 	msr	PRIMASK, r6
10000930:	780b      	ldrb	r3, [r1, #0]
10000932:	3201      	adds	r2, #1
10000934:	409a      	lsls	r2, r3
10000936:	68cb      	ldr	r3, [r1, #12]
10000938:	4905      	ldr	r1, [pc, #20]	; (10000950 <alarm_pool_add_alarm_at_force_in_context+0xac>)
1000093a:	468c      	mov	ip, r1
1000093c:	4463      	add	r3, ip
1000093e:	601a      	str	r2, [r3, #0]
10000940:	bc40      	pop	{r6}
10000942:	46b0      	mov	r8, r6
10000944:	bd70      	pop	{r4, r5, r6, pc}
10000946:	2201      	movs	r2, #1
10000948:	e7db      	b.n	10000902 <alarm_pool_add_alarm_at_force_in_context+0x5e>
1000094a:	2001      	movs	r0, #1
1000094c:	4240      	negs	r0, r0
1000094e:	e7f7      	b.n	10000940 <alarm_pool_add_alarm_at_force_in_context+0x9c>
10000950:	0000203c 	.word	0x0000203c

10000954 <alarm_pool_cancel_alarm>:
10000954:	b510      	push	{r4, lr}
10000956:	8943      	ldrh	r3, [r0, #10]
10000958:	140a      	asrs	r2, r1, #16
1000095a:	4293      	cmp	r3, r2
1000095c:	dd33      	ble.n	100009c6 <alarm_pool_cancel_alarm+0x72>
1000095e:	0053      	lsls	r3, r2, #1
10000960:	189b      	adds	r3, r3, r2
10000962:	6942      	ldr	r2, [r0, #20]
10000964:	00db      	lsls	r3, r3, #3
10000966:	4694      	mov	ip, r2
10000968:	6904      	ldr	r4, [r0, #16]
1000096a:	4463      	add	r3, ip
1000096c:	f3ef 8c10 	mrs	ip, PRIMASK
10000970:	b672      	cpsid	i
10000972:	6822      	ldr	r2, [r4, #0]
10000974:	2a00      	cmp	r2, #0
10000976:	d0fc      	beq.n	10000972 <alarm_pool_cancel_alarm+0x1e>
10000978:	f3bf 8f5f 	dmb	sy
1000097c:	885a      	ldrh	r2, [r3, #2]
1000097e:	0409      	lsls	r1, r1, #16
10000980:	b294      	uxth	r4, r2
10000982:	0c09      	lsrs	r1, r1, #16
10000984:	428a      	cmp	r2, r1
10000986:	d008      	beq.n	1000099a <alarm_pool_cancel_alarm+0x46>
10000988:	6903      	ldr	r3, [r0, #16]
1000098a:	f3bf 8f5f 	dmb	sy
1000098e:	2200      	movs	r2, #0
10000990:	601a      	str	r2, [r3, #0]
10000992:	f38c 8810 	msr	PRIMASK, ip
10000996:	2000      	movs	r0, #0
10000998:	bd10      	pop	{r4, pc}
1000099a:	2280      	movs	r2, #128	; 0x80
1000099c:	0212      	lsls	r2, r2, #8
1000099e:	4314      	orrs	r4, r2
100009a0:	805c      	strh	r4, [r3, #2]
100009a2:	2301      	movs	r3, #1
100009a4:	6902      	ldr	r2, [r0, #16]
100009a6:	7183      	strb	r3, [r0, #6]
100009a8:	f3bf 8f5f 	dmb	sy
100009ac:	2100      	movs	r1, #0
100009ae:	6011      	str	r1, [r2, #0]
100009b0:	f38c 8810 	msr	PRIMASK, ip
100009b4:	4905      	ldr	r1, [pc, #20]	; (100009cc <alarm_pool_cancel_alarm+0x78>)
100009b6:	7802      	ldrb	r2, [r0, #0]
100009b8:	468c      	mov	ip, r1
100009ba:	4093      	lsls	r3, r2
100009bc:	68c2      	ldr	r2, [r0, #12]
100009be:	2001      	movs	r0, #1
100009c0:	4462      	add	r2, ip
100009c2:	6013      	str	r3, [r2, #0]
100009c4:	e7e8      	b.n	10000998 <alarm_pool_cancel_alarm+0x44>
100009c6:	2000      	movs	r0, #0
100009c8:	e7e6      	b.n	10000998 <alarm_pool_cancel_alarm+0x44>
100009ca:	46c0      	nop			; (mov r8, r8)
100009cc:	0000203c 	.word	0x0000203c

100009d0 <sleep_until>:
100009d0:	b5f0      	push	{r4, r5, r6, r7, lr}
100009d2:	0004      	movs	r4, r0
100009d4:	000d      	movs	r5, r1
100009d6:	2606      	movs	r6, #6
100009d8:	4276      	negs	r6, r6
100009da:	17f7      	asrs	r7, r6, #31
100009dc:	46c6      	mov	lr, r8
100009de:	1936      	adds	r6, r6, r4
100009e0:	416f      	adcs	r7, r5
100009e2:	b500      	push	{lr}
100009e4:	b082      	sub	sp, #8
100009e6:	428f      	cmp	r7, r1
100009e8:	d814      	bhi.n	10000a14 <sleep_until+0x44>
100009ea:	d011      	beq.n	10000a10 <sleep_until+0x40>
100009ec:	f000 f912 	bl	10000c14 <time_us_64>
100009f0:	0032      	movs	r2, r6
100009f2:	003b      	movs	r3, r7
100009f4:	1a12      	subs	r2, r2, r0
100009f6:	418b      	sbcs	r3, r1
100009f8:	2b00      	cmp	r3, #0
100009fa:	dc15      	bgt.n	10000a28 <sleep_until+0x58>
100009fc:	2b00      	cmp	r3, #0
100009fe:	d044      	beq.n	10000a8a <sleep_until+0xba>
10000a00:	0020      	movs	r0, r4
10000a02:	0029      	movs	r1, r5
10000a04:	f000 f910 	bl	10000c28 <busy_wait_until>
10000a08:	b002      	add	sp, #8
10000a0a:	bc80      	pop	{r7}
10000a0c:	46b8      	mov	r8, r7
10000a0e:	bdf0      	pop	{r4, r5, r6, r7, pc}
10000a10:	4286      	cmp	r6, r0
10000a12:	d9eb      	bls.n	100009ec <sleep_until+0x1c>
10000a14:	2600      	movs	r6, #0
10000a16:	2700      	movs	r7, #0
10000a18:	f000 f8fc 	bl	10000c14 <time_us_64>
10000a1c:	0032      	movs	r2, r6
10000a1e:	003b      	movs	r3, r7
10000a20:	1a12      	subs	r2, r2, r0
10000a22:	418b      	sbcs	r3, r1
10000a24:	2b00      	cmp	r3, #0
10000a26:	dde9      	ble.n	100009fc <sleep_until+0x2c>
10000a28:	f000 f8f4 	bl	10000c14 <time_us_64>
10000a2c:	0032      	movs	r2, r6
10000a2e:	003b      	movs	r3, r7
10000a30:	1a12      	subs	r2, r2, r0
10000a32:	418b      	sbcs	r3, r1
10000a34:	2b00      	cmp	r3, #0
10000a36:	db0a      	blt.n	10000a4e <sleep_until+0x7e>
10000a38:	2300      	movs	r3, #0
10000a3a:	9301      	str	r3, [sp, #4]
10000a3c:	4b14      	ldr	r3, [pc, #80]	; (10000a90 <sleep_until+0xc0>)
10000a3e:	0032      	movs	r2, r6
10000a40:	9300      	str	r3, [sp, #0]
10000a42:	4814      	ldr	r0, [pc, #80]	; (10000a94 <sleep_until+0xc4>)
10000a44:	003b      	movs	r3, r7
10000a46:	f7ff ff2d 	bl	100008a4 <alarm_pool_add_alarm_at_force_in_context>
10000a4a:	2800      	cmp	r0, #0
10000a4c:	dbd8      	blt.n	10000a00 <sleep_until+0x30>
10000a4e:	46b0      	mov	r8, r6
10000a50:	2600      	movs	r6, #0
10000a52:	46bc      	mov	ip, r7
10000a54:	4a10      	ldr	r2, [pc, #64]	; (10000a98 <sleep_until+0xc8>)
10000a56:	4f11      	ldr	r7, [pc, #68]	; (10000a9c <sleep_until+0xcc>)
10000a58:	6a7b      	ldr	r3, [r7, #36]	; 0x24
10000a5a:	459c      	cmp	ip, r3
10000a5c:	d804      	bhi.n	10000a68 <sleep_until+0x98>
10000a5e:	6ab9      	ldr	r1, [r7, #40]	; 0x28
10000a60:	4588      	cmp	r8, r1
10000a62:	d9cd      	bls.n	10000a00 <sleep_until+0x30>
10000a64:	459c      	cmp	ip, r3
10000a66:	d1cb      	bne.n	10000a00 <sleep_until+0x30>
10000a68:	6811      	ldr	r1, [r2, #0]
10000a6a:	f3ef 8010 	mrs	r0, PRIMASK
10000a6e:	b672      	cpsid	i
10000a70:	680b      	ldr	r3, [r1, #0]
10000a72:	2b00      	cmp	r3, #0
10000a74:	d0fc      	beq.n	10000a70 <sleep_until+0xa0>
10000a76:	f3bf 8f5f 	dmb	sy
10000a7a:	6813      	ldr	r3, [r2, #0]
10000a7c:	f3bf 8f5f 	dmb	sy
10000a80:	601e      	str	r6, [r3, #0]
10000a82:	f380 8810 	msr	PRIMASK, r0
10000a86:	bf20      	wfe
10000a88:	e7e6      	b.n	10000a58 <sleep_until+0x88>
10000a8a:	2a00      	cmp	r2, #0
10000a8c:	d0b8      	beq.n	10000a00 <sleep_until+0x30>
10000a8e:	e7cb      	b.n	10000a28 <sleep_until+0x58>
10000a90:	10000491 	.word	0x10000491
10000a94:	200001ec 	.word	0x200001ec
10000a98:	20000604 	.word	0x20000604
10000a9c:	40054000 	.word	0x40054000

10000aa0 <sleep_ms>:
10000aa0:	b570      	push	{r4, r5, r6, lr}
10000aa2:	0006      	movs	r6, r0
10000aa4:	f000 f8b6 	bl	10000c14 <time_us_64>
10000aa8:	22fa      	movs	r2, #250	; 0xfa
10000aaa:	0004      	movs	r4, r0
10000aac:	000d      	movs	r5, r1
10000aae:	2300      	movs	r3, #0
10000ab0:	0030      	movs	r0, r6
10000ab2:	2100      	movs	r1, #0
10000ab4:	0092      	lsls	r2, r2, #2
10000ab6:	f000 fc11 	bl	100012dc <__wrap___aeabi_lmul>
10000aba:	1900      	adds	r0, r0, r4
10000abc:	4169      	adcs	r1, r5
10000abe:	2900      	cmp	r1, #0
10000ac0:	db02      	blt.n	10000ac8 <sleep_ms+0x28>
10000ac2:	f7ff ff85 	bl	100009d0 <sleep_until>
10000ac6:	bd70      	pop	{r4, r5, r6, pc}
10000ac8:	2001      	movs	r0, #1
10000aca:	4901      	ldr	r1, [pc, #4]	; (10000ad0 <sleep_ms+0x30>)
10000acc:	4240      	negs	r0, r0
10000ace:	e7f8      	b.n	10000ac2 <sleep_ms+0x22>
10000ad0:	7fffffff 	.word	0x7fffffff

10000ad4 <best_effort_wfe_or_timeout>:
10000ad4:	b5f0      	push	{r4, r5, r6, r7, lr}
10000ad6:	46d6      	mov	lr, sl
10000ad8:	464f      	mov	r7, r9
10000ada:	4646      	mov	r6, r8
10000adc:	b5c0      	push	{r6, r7, lr}
10000ade:	0004      	movs	r4, r0
10000ae0:	000d      	movs	r5, r1
10000ae2:	b082      	sub	sp, #8
10000ae4:	f3ef 8305 	mrs	r3, IPSR
10000ae8:	2b00      	cmp	r3, #0
10000aea:	d130      	bne.n	10000b4e <best_effort_wfe_or_timeout+0x7a>
10000aec:	4b3c      	ldr	r3, [pc, #240]	; (10000be0 <best_effort_wfe_or_timeout+0x10c>)
10000aee:	469a      	mov	sl, r3
10000af0:	681b      	ldr	r3, [r3, #0]
10000af2:	4283      	cmp	r3, r0
10000af4:	d026      	beq.n	10000b44 <best_effort_wfe_or_timeout+0x70>
10000af6:	4b3b      	ldr	r3, [pc, #236]	; (10000be4 <best_effort_wfe_or_timeout+0x110>)
10000af8:	002f      	movs	r7, r5
10000afa:	4698      	mov	r8, r3
10000afc:	68db      	ldr	r3, [r3, #12]
10000afe:	4699      	mov	r9, r3
10000b00:	4643      	mov	r3, r8
10000b02:	4648      	mov	r0, r9
10000b04:	781e      	ldrb	r6, [r3, #0]
10000b06:	f000 f87d 	bl	10000c04 <timer_time_us_64>
10000b0a:	000b      	movs	r3, r1
10000b0c:	4649      	mov	r1, r9
10000b0e:	3604      	adds	r6, #4
10000b10:	00b6      	lsls	r6, r6, #2
10000b12:	0002      	movs	r2, r0
10000b14:	5871      	ldr	r1, [r6, r1]
10000b16:	0026      	movs	r6, r4
10000b18:	2000      	movs	r0, #0
10000b1a:	1ab6      	subs	r6, r6, r2
10000b1c:	419f      	sbcs	r7, r3
10000b1e:	1a89      	subs	r1, r1, r2
10000b20:	42b8      	cmp	r0, r7
10000b22:	dc24      	bgt.n	10000b6e <best_effort_wfe_or_timeout+0x9a>
10000b24:	d021      	beq.n	10000b6a <best_effort_wfe_or_timeout+0x96>
10000b26:	bf20      	wfe
10000b28:	4a2f      	ldr	r2, [pc, #188]	; (10000be8 <best_effort_wfe_or_timeout+0x114>)
10000b2a:	6a53      	ldr	r3, [r2, #36]	; 0x24
10000b2c:	42ab      	cmp	r3, r5
10000b2e:	d32a      	bcc.n	10000b86 <best_effort_wfe_or_timeout+0xb2>
10000b30:	6a92      	ldr	r2, [r2, #40]	; 0x28
10000b32:	2001      	movs	r0, #1
10000b34:	42a2      	cmp	r2, r4
10000b36:	d34a      	bcc.n	10000bce <best_effort_wfe_or_timeout+0xfa>
10000b38:	b002      	add	sp, #8
10000b3a:	bce0      	pop	{r5, r6, r7}
10000b3c:	46ba      	mov	sl, r7
10000b3e:	46b1      	mov	r9, r6
10000b40:	46a8      	mov	r8, r5
10000b42:	bdf0      	pop	{r4, r5, r6, r7, pc}
10000b44:	4653      	mov	r3, sl
10000b46:	685b      	ldr	r3, [r3, #4]
10000b48:	428b      	cmp	r3, r1
10000b4a:	d1d4      	bne.n	10000af6 <best_effort_wfe_or_timeout+0x22>
10000b4c:	e7eb      	b.n	10000b26 <best_effort_wfe_or_timeout+0x52>
10000b4e:	4a26      	ldr	r2, [pc, #152]	; (10000be8 <best_effort_wfe_or_timeout+0x114>)
10000b50:	2000      	movs	r0, #0
10000b52:	6a53      	ldr	r3, [r2, #36]	; 0x24
10000b54:	428b      	cmp	r3, r1
10000b56:	d3ef      	bcc.n	10000b38 <best_effort_wfe_or_timeout+0x64>
10000b58:	6a92      	ldr	r2, [r2, #40]	; 0x28
10000b5a:	3001      	adds	r0, #1
10000b5c:	42a2      	cmp	r2, r4
10000b5e:	d2eb      	bcs.n	10000b38 <best_effort_wfe_or_timeout+0x64>
10000b60:	1a58      	subs	r0, r3, r1
10000b62:	1e42      	subs	r2, r0, #1
10000b64:	4190      	sbcs	r0, r2
10000b66:	b2c0      	uxtb	r0, r0
10000b68:	e7e6      	b.n	10000b38 <best_effort_wfe_or_timeout+0x64>
10000b6a:	42b1      	cmp	r1, r6
10000b6c:	d9db      	bls.n	10000b26 <best_effort_wfe_or_timeout+0x52>
10000b6e:	f000 f851 	bl	10000c14 <time_us_64>
10000b72:	0022      	movs	r2, r4
10000b74:	002b      	movs	r3, r5
10000b76:	1a12      	subs	r2, r2, r0
10000b78:	418b      	sbcs	r3, r1
10000b7a:	2b00      	cmp	r3, #0
10000b7c:	da05      	bge.n	10000b8a <best_effort_wfe_or_timeout+0xb6>
10000b7e:	4a1a      	ldr	r2, [pc, #104]	; (10000be8 <best_effort_wfe_or_timeout+0x114>)
10000b80:	6a53      	ldr	r3, [r2, #36]	; 0x24
10000b82:	42ab      	cmp	r3, r5
10000b84:	d2d4      	bcs.n	10000b30 <best_effort_wfe_or_timeout+0x5c>
10000b86:	2000      	movs	r0, #0
10000b88:	e7d6      	b.n	10000b38 <best_effort_wfe_or_timeout+0x64>
10000b8a:	2300      	movs	r3, #0
10000b8c:	9301      	str	r3, [sp, #4]
10000b8e:	4b17      	ldr	r3, [pc, #92]	; (10000bec <best_effort_wfe_or_timeout+0x118>)
10000b90:	0022      	movs	r2, r4
10000b92:	9300      	str	r3, [sp, #0]
10000b94:	4640      	mov	r0, r8
10000b96:	002b      	movs	r3, r5
10000b98:	f7ff fe84 	bl	100008a4 <alarm_pool_add_alarm_at_force_in_context>
10000b9c:	1e01      	subs	r1, r0, #0
10000b9e:	ddee      	ble.n	10000b7e <best_effort_wfe_or_timeout+0xaa>
10000ba0:	4653      	mov	r3, sl
10000ba2:	601c      	str	r4, [r3, #0]
10000ba4:	605d      	str	r5, [r3, #4]
10000ba6:	4b10      	ldr	r3, [pc, #64]	; (10000be8 <best_effort_wfe_or_timeout+0x114>)
10000ba8:	002e      	movs	r6, r5
10000baa:	6a5a      	ldr	r2, [r3, #36]	; 0x24
10000bac:	4295      	cmp	r5, r2
10000bae:	d815      	bhi.n	10000bdc <best_effort_wfe_or_timeout+0x108>
10000bb0:	6a9b      	ldr	r3, [r3, #40]	; 0x28
10000bb2:	42a3      	cmp	r3, r4
10000bb4:	d310      	bcc.n	10000bd8 <best_effort_wfe_or_timeout+0x104>
10000bb6:	4640      	mov	r0, r8
10000bb8:	f7ff fecc 	bl	10000954 <alarm_pool_cancel_alarm>
10000bbc:	4a0a      	ldr	r2, [pc, #40]	; (10000be8 <best_effort_wfe_or_timeout+0x114>)
10000bbe:	2000      	movs	r0, #0
10000bc0:	6a53      	ldr	r3, [r2, #36]	; 0x24
10000bc2:	429e      	cmp	r6, r3
10000bc4:	d8b8      	bhi.n	10000b38 <best_effort_wfe_or_timeout+0x64>
10000bc6:	6a92      	ldr	r2, [r2, #40]	; 0x28
10000bc8:	3001      	adds	r0, #1
10000bca:	42a2      	cmp	r2, r4
10000bcc:	d2b4      	bcs.n	10000b38 <best_effort_wfe_or_timeout+0x64>
10000bce:	1ae8      	subs	r0, r5, r3
10000bd0:	1e42      	subs	r2, r0, #1
10000bd2:	4190      	sbcs	r0, r2
10000bd4:	b2c0      	uxtb	r0, r0
10000bd6:	e7af      	b.n	10000b38 <best_effort_wfe_or_timeout+0x64>
10000bd8:	4295      	cmp	r5, r2
10000bda:	d1ec      	bne.n	10000bb6 <best_effort_wfe_or_timeout+0xe2>
10000bdc:	bf20      	wfe
10000bde:	e7ea      	b.n	10000bb6 <best_effort_wfe_or_timeout+0xe2>
10000be0:	20000208 	.word	0x20000208
10000be4:	200001ec 	.word	0x200001ec
10000be8:	40054000 	.word	0x40054000
10000bec:	10000491 	.word	0x10000491

10000bf0 <timer_hardware_alarm_claim>:
10000bf0:	b510      	push	{r4, lr}
10000bf2:	4a02      	ldr	r2, [pc, #8]	; (10000bfc <timer_hardware_alarm_claim+0xc>)
10000bf4:	4802      	ldr	r0, [pc, #8]	; (10000c00 <timer_hardware_alarm_claim+0x10>)
10000bf6:	f7ff fb8d 	bl	10000314 <hw_claim_or_assert>
10000bfa:	bd10      	pop	{r4, pc}
10000bfc:	100017ac 	.word	0x100017ac
10000c00:	200005b8 	.word	0x200005b8

10000c04 <timer_time_us_64>:
10000c04:	0003      	movs	r3, r0
10000c06:	6a41      	ldr	r1, [r0, #36]	; 0x24
10000c08:	000a      	movs	r2, r1
10000c0a:	6a98      	ldr	r0, [r3, #40]	; 0x28
10000c0c:	6a59      	ldr	r1, [r3, #36]	; 0x24
10000c0e:	428a      	cmp	r2, r1
10000c10:	d1fa      	bne.n	10000c08 <timer_time_us_64+0x4>
10000c12:	4770      	bx	lr

10000c14 <time_us_64>:
10000c14:	4b03      	ldr	r3, [pc, #12]	; (10000c24 <time_us_64+0x10>)
10000c16:	6a59      	ldr	r1, [r3, #36]	; 0x24
10000c18:	000a      	movs	r2, r1
10000c1a:	6a98      	ldr	r0, [r3, #40]	; 0x28
10000c1c:	6a59      	ldr	r1, [r3, #36]	; 0x24
10000c1e:	4291      	cmp	r1, r2
10000c20:	d1fa      	bne.n	10000c18 <time_us_64+0x4>
10000c22:	4770      	bx	lr
10000c24:	40054000 	.word	0x40054000

10000c28 <busy_wait_until>:
10000c28:	4a06      	ldr	r2, [pc, #24]	; (10000c44 <busy_wait_until+0x1c>)
10000c2a:	6a53      	ldr	r3, [r2, #36]	; 0x24
10000c2c:	4299      	cmp	r1, r3
10000c2e:	d8fc      	bhi.n	10000c2a <busy_wait_until+0x2>
10000c30:	d107      	bne.n	10000c42 <busy_wait_until+0x1a>
10000c32:	4b04      	ldr	r3, [pc, #16]	; (10000c44 <busy_wait_until+0x1c>)
10000c34:	e002      	b.n	10000c3c <busy_wait_until+0x14>
10000c36:	6a5a      	ldr	r2, [r3, #36]	; 0x24
10000c38:	4291      	cmp	r1, r2
10000c3a:	d102      	bne.n	10000c42 <busy_wait_until+0x1a>
10000c3c:	6a9a      	ldr	r2, [r3, #40]	; 0x28
10000c3e:	4282      	cmp	r2, r0
10000c40:	d3f9      	bcc.n	10000c36 <busy_wait_until+0xe>
10000c42:	4770      	bx	lr
10000c44:	40054000 	.word	0x40054000

10000c48 <clock_configure_int_divider>:
10000c48:	b5f8      	push	{r3, r4, r5, r6, r7, lr}
10000c4a:	46de      	mov	lr, fp
10000c4c:	464e      	mov	r6, r9
10000c4e:	4657      	mov	r7, sl
10000c50:	4645      	mov	r5, r8
10000c52:	b5e0      	push	{r5, r6, r7, lr}
10000c54:	468b      	mov	fp, r1
10000c56:	0005      	movs	r5, r0
10000c58:	990a      	ldr	r1, [sp, #40]	; 0x28
10000c5a:	0018      	movs	r0, r3
10000c5c:	0016      	movs	r6, r2
10000c5e:	f000 fab1 	bl	100011c4 <__wrap___aeabi_uidiv>
10000c62:	9b0a      	ldr	r3, [sp, #40]	; 0x28
10000c64:	006c      	lsls	r4, r5, #1
10000c66:	021f      	lsls	r7, r3, #8
10000c68:	4b32      	ldr	r3, [pc, #200]	; (10000d34 <clock_configure_int_divider+0xec>)
10000c6a:	1964      	adds	r4, r4, r5
10000c6c:	469c      	mov	ip, r3
10000c6e:	00a4      	lsls	r4, r4, #2
10000c70:	4464      	add	r4, ip
10000c72:	6863      	ldr	r3, [r4, #4]
10000c74:	4681      	mov	r9, r0
10000c76:	429f      	cmp	r7, r3
10000c78:	d900      	bls.n	10000c7c <clock_configure_int_divider+0x34>
10000c7a:	6067      	str	r7, [r4, #4]
10000c7c:	1f2b      	subs	r3, r5, #4
10000c7e:	b2db      	uxtb	r3, r3
10000c80:	4698      	mov	r8, r3
10000c82:	2b01      	cmp	r3, #1
10000c84:	d930      	bls.n	10000ce8 <clock_configure_int_divider+0xa0>
10000c86:	23c0      	movs	r3, #192	; 0xc0
10000c88:	2280      	movs	r2, #128	; 0x80
10000c8a:	019b      	lsls	r3, r3, #6
10000c8c:	18e3      	adds	r3, r4, r3
10000c8e:	0112      	lsls	r2, r2, #4
10000c90:	601a      	str	r2, [r3, #0]
10000c92:	4b29      	ldr	r3, [pc, #164]	; (10000d38 <clock_configure_int_divider+0xf0>)
10000c94:	00ad      	lsls	r5, r5, #2
10000c96:	5959      	ldr	r1, [r3, r5]
10000c98:	469a      	mov	sl, r3
10000c9a:	2900      	cmp	r1, #0
10000c9c:	d11b      	bne.n	10000cd6 <clock_configure_int_divider+0x8e>
10000c9e:	6822      	ldr	r2, [r4, #0]
10000ca0:	0176      	lsls	r6, r6, #5
10000ca2:	4072      	eors	r2, r6
10000ca4:	26e0      	movs	r6, #224	; 0xe0
10000ca6:	2380      	movs	r3, #128	; 0x80
10000ca8:	4016      	ands	r6, r2
10000caa:	4642      	mov	r2, r8
10000cac:	015b      	lsls	r3, r3, #5
10000cae:	18e3      	adds	r3, r4, r3
10000cb0:	601e      	str	r6, [r3, #0]
10000cb2:	2a01      	cmp	r2, #1
10000cb4:	d930      	bls.n	10000d18 <clock_configure_int_divider+0xd0>
10000cb6:	2380      	movs	r3, #128	; 0x80
10000cb8:	2280      	movs	r2, #128	; 0x80
10000cba:	019b      	lsls	r3, r3, #6
10000cbc:	18e3      	adds	r3, r4, r3
10000cbe:	0112      	lsls	r2, r2, #4
10000cc0:	601a      	str	r2, [r3, #0]
10000cc2:	4653      	mov	r3, sl
10000cc4:	464a      	mov	r2, r9
10000cc6:	6067      	str	r7, [r4, #4]
10000cc8:	515a      	str	r2, [r3, r5]
10000cca:	bcf0      	pop	{r4, r5, r6, r7}
10000ccc:	46bb      	mov	fp, r7
10000cce:	46b2      	mov	sl, r6
10000cd0:	46a9      	mov	r9, r5
10000cd2:	46a0      	mov	r8, r4
10000cd4:	bdf8      	pop	{r3, r4, r5, r6, r7, pc}
10000cd6:	6958      	ldr	r0, [r3, #20]
10000cd8:	f000 fa74 	bl	100011c4 <__wrap___aeabi_uidiv>
10000cdc:	1c43      	adds	r3, r0, #1
10000cde:	0058      	lsls	r0, r3, #1
10000ce0:	18c0      	adds	r0, r0, r3
10000ce2:	3803      	subs	r0, #3
10000ce4:	d2fd      	bcs.n	10000ce2 <clock_configure_int_divider+0x9a>
10000ce6:	e7da      	b.n	10000c9e <clock_configure_int_divider+0x56>
10000ce8:	465b      	mov	r3, fp
10000cea:	2b01      	cmp	r3, #1
10000cec:	d1cb      	bne.n	10000c86 <clock_configure_int_divider+0x3e>
10000cee:	23c0      	movs	r3, #192	; 0xc0
10000cf0:	2203      	movs	r2, #3
10000cf2:	019b      	lsls	r3, r3, #6
10000cf4:	18e3      	adds	r3, r4, r3
10000cf6:	601a      	str	r2, [r3, #0]
10000cf8:	3a02      	subs	r2, #2
10000cfa:	68a3      	ldr	r3, [r4, #8]
10000cfc:	421a      	tst	r2, r3
10000cfe:	d0fc      	beq.n	10000cfa <clock_configure_int_divider+0xb2>
10000d00:	23e0      	movs	r3, #224	; 0xe0
10000d02:	6822      	ldr	r2, [r4, #0]
10000d04:	0176      	lsls	r6, r6, #5
10000d06:	4056      	eors	r6, r2
10000d08:	401e      	ands	r6, r3
10000d0a:	2380      	movs	r3, #128	; 0x80
10000d0c:	4a0a      	ldr	r2, [pc, #40]	; (10000d38 <clock_configure_int_divider+0xf0>)
10000d0e:	015b      	lsls	r3, r3, #5
10000d10:	4692      	mov	sl, r2
10000d12:	18e3      	adds	r3, r4, r3
10000d14:	601e      	str	r6, [r3, #0]
10000d16:	00ad      	lsls	r5, r5, #2
10000d18:	465a      	mov	r2, fp
10000d1a:	6821      	ldr	r1, [r4, #0]
10000d1c:	4051      	eors	r1, r2
10000d1e:	2203      	movs	r2, #3
10000d20:	400a      	ands	r2, r1
10000d22:	601a      	str	r2, [r3, #0]
10000d24:	2201      	movs	r2, #1
10000d26:	465b      	mov	r3, fp
10000d28:	409a      	lsls	r2, r3
10000d2a:	68a3      	ldr	r3, [r4, #8]
10000d2c:	421a      	tst	r2, r3
10000d2e:	d0fc      	beq.n	10000d2a <clock_configure_int_divider+0xe2>
10000d30:	e7c1      	b.n	10000cb6 <clock_configure_int_divider+0x6e>
10000d32:	46c0      	nop			; (mov r8, r8)
10000d34:	40008000 	.word	0x40008000
10000d38:	200005bc 	.word	0x200005bc

10000d3c <clock_configure_undivided>:
10000d3c:	b5f0      	push	{r4, r5, r6, r7, lr}
10000d3e:	4646      	mov	r6, r8
10000d40:	464f      	mov	r7, r9
10000d42:	46d6      	mov	lr, sl
10000d44:	b5c0      	push	{r6, r7, lr}
10000d46:	001f      	movs	r7, r3
10000d48:	4b34      	ldr	r3, [pc, #208]	; (10000e1c <clock_configure_undivided+0xe0>)
10000d4a:	0044      	lsls	r4, r0, #1
10000d4c:	469c      	mov	ip, r3
10000d4e:	1824      	adds	r4, r4, r0
10000d50:	00a4      	lsls	r4, r4, #2
10000d52:	4464      	add	r4, ip
10000d54:	6863      	ldr	r3, [r4, #4]
10000d56:	4688      	mov	r8, r1
10000d58:	0016      	movs	r6, r2
10000d5a:	2bff      	cmp	r3, #255	; 0xff
10000d5c:	d802      	bhi.n	10000d64 <clock_configure_undivided+0x28>
10000d5e:	2380      	movs	r3, #128	; 0x80
10000d60:	005b      	lsls	r3, r3, #1
10000d62:	6063      	str	r3, [r4, #4]
10000d64:	1f03      	subs	r3, r0, #4
10000d66:	b2db      	uxtb	r3, r3
10000d68:	469a      	mov	sl, r3
10000d6a:	2b01      	cmp	r3, #1
10000d6c:	d930      	bls.n	10000dd0 <clock_configure_undivided+0x94>
10000d6e:	23c0      	movs	r3, #192	; 0xc0
10000d70:	2280      	movs	r2, #128	; 0x80
10000d72:	019b      	lsls	r3, r3, #6
10000d74:	18e3      	adds	r3, r4, r3
10000d76:	0112      	lsls	r2, r2, #4
10000d78:	601a      	str	r2, [r3, #0]
10000d7a:	4b29      	ldr	r3, [pc, #164]	; (10000e20 <clock_configure_undivided+0xe4>)
10000d7c:	0085      	lsls	r5, r0, #2
10000d7e:	5959      	ldr	r1, [r3, r5]
10000d80:	4699      	mov	r9, r3
10000d82:	2900      	cmp	r1, #0
10000d84:	d11b      	bne.n	10000dbe <clock_configure_undivided+0x82>
10000d86:	6822      	ldr	r2, [r4, #0]
10000d88:	0176      	lsls	r6, r6, #5
10000d8a:	4072      	eors	r2, r6
10000d8c:	26e0      	movs	r6, #224	; 0xe0
10000d8e:	2380      	movs	r3, #128	; 0x80
10000d90:	4016      	ands	r6, r2
10000d92:	4652      	mov	r2, sl
10000d94:	015b      	lsls	r3, r3, #5
10000d96:	18e3      	adds	r3, r4, r3
10000d98:	601e      	str	r6, [r3, #0]
10000d9a:	2a01      	cmp	r2, #1
10000d9c:	d930      	bls.n	10000e00 <clock_configure_undivided+0xc4>
10000d9e:	2380      	movs	r3, #128	; 0x80
10000da0:	2280      	movs	r2, #128	; 0x80
10000da2:	019b      	lsls	r3, r3, #6
10000da4:	18e3      	adds	r3, r4, r3
10000da6:	0112      	lsls	r2, r2, #4
10000da8:	601a      	str	r2, [r3, #0]
10000daa:	2380      	movs	r3, #128	; 0x80
10000dac:	005b      	lsls	r3, r3, #1
10000dae:	6063      	str	r3, [r4, #4]
10000db0:	464b      	mov	r3, r9
10000db2:	515f      	str	r7, [r3, r5]
10000db4:	bce0      	pop	{r5, r6, r7}
10000db6:	46ba      	mov	sl, r7
10000db8:	46b1      	mov	r9, r6
10000dba:	46a8      	mov	r8, r5
10000dbc:	bdf0      	pop	{r4, r5, r6, r7, pc}
10000dbe:	6958      	ldr	r0, [r3, #20]
10000dc0:	f000 fa00 	bl	100011c4 <__wrap___aeabi_uidiv>
10000dc4:	1c43      	adds	r3, r0, #1
10000dc6:	0058      	lsls	r0, r3, #1
10000dc8:	18c0      	adds	r0, r0, r3
10000dca:	3803      	subs	r0, #3
10000dcc:	d2fd      	bcs.n	10000dca <clock_configure_undivided+0x8e>
10000dce:	e7da      	b.n	10000d86 <clock_configure_undivided+0x4a>
10000dd0:	4643      	mov	r3, r8
10000dd2:	2b01      	cmp	r3, #1
10000dd4:	d1cb      	bne.n	10000d6e <clock_configure_undivided+0x32>
10000dd6:	23c0      	movs	r3, #192	; 0xc0
10000dd8:	2203      	movs	r2, #3
10000dda:	019b      	lsls	r3, r3, #6
10000ddc:	18e3      	adds	r3, r4, r3
10000dde:	601a      	str	r2, [r3, #0]
10000de0:	3a02      	subs	r2, #2
10000de2:	68a3      	ldr	r3, [r4, #8]
10000de4:	421a      	tst	r2, r3
10000de6:	d0fc      	beq.n	10000de2 <clock_configure_undivided+0xa6>
10000de8:	23e0      	movs	r3, #224	; 0xe0
10000dea:	6822      	ldr	r2, [r4, #0]
10000dec:	0176      	lsls	r6, r6, #5
10000dee:	4056      	eors	r6, r2
10000df0:	401e      	ands	r6, r3
10000df2:	2380      	movs	r3, #128	; 0x80
10000df4:	4a0a      	ldr	r2, [pc, #40]	; (10000e20 <clock_configure_undivided+0xe4>)
10000df6:	015b      	lsls	r3, r3, #5
10000df8:	4691      	mov	r9, r2
10000dfa:	18e3      	adds	r3, r4, r3
10000dfc:	601e      	str	r6, [r3, #0]
10000dfe:	0085      	lsls	r5, r0, #2
10000e00:	4642      	mov	r2, r8
10000e02:	6821      	ldr	r1, [r4, #0]
10000e04:	4051      	eors	r1, r2
10000e06:	2203      	movs	r2, #3
10000e08:	400a      	ands	r2, r1
10000e0a:	601a      	str	r2, [r3, #0]
10000e0c:	2301      	movs	r3, #1
10000e0e:	4642      	mov	r2, r8
10000e10:	4093      	lsls	r3, r2
10000e12:	68a2      	ldr	r2, [r4, #8]
10000e14:	4213      	tst	r3, r2
10000e16:	d0fc      	beq.n	10000e12 <clock_configure_undivided+0xd6>
10000e18:	e7c1      	b.n	10000d9e <clock_configure_undivided+0x62>
10000e1a:	46c0      	nop			; (mov r8, r8)
10000e1c:	40008000 	.word	0x40008000
10000e20:	200005bc 	.word	0x200005bc

10000e24 <clock_get_hz>:
10000e24:	4b01      	ldr	r3, [pc, #4]	; (10000e2c <clock_get_hz+0x8>)
10000e26:	0080      	lsls	r0, r0, #2
10000e28:	58c0      	ldr	r0, [r0, r3]
10000e2a:	4770      	bx	lr
10000e2c:	200005bc 	.word	0x200005bc

10000e30 <pll_init>:
10000e30:	b5f8      	push	{r3, r4, r5, r6, r7, lr}
10000e32:	0004      	movs	r4, r0
10000e34:	4820      	ldr	r0, [pc, #128]	; (10000eb8 <pll_init+0x88>)
10000e36:	001d      	movs	r5, r3
10000e38:	0017      	movs	r7, r2
10000e3a:	000e      	movs	r6, r1
10000e3c:	f000 f9c2 	bl	100011c4 <__wrap___aeabi_uidiv>
10000e40:	0001      	movs	r1, r0
10000e42:	0038      	movs	r0, r7
10000e44:	f000 f9be 	bl	100011c4 <__wrap___aeabi_uidiv>
10000e48:	9b06      	ldr	r3, [sp, #24]
10000e4a:	0429      	lsls	r1, r5, #16
10000e4c:	031b      	lsls	r3, r3, #12
10000e4e:	4319      	orrs	r1, r3
10000e50:	6823      	ldr	r3, [r4, #0]
10000e52:	2b00      	cmp	r3, #0
10000e54:	db1e      	blt.n	10000e94 <pll_init+0x64>
10000e56:	4b19      	ldr	r3, [pc, #100]	; (10000ebc <pll_init+0x8c>)
10000e58:	4d19      	ldr	r5, [pc, #100]	; (10000ec0 <pll_init+0x90>)
10000e5a:	18e2      	adds	r2, r4, r3
10000e5c:	4253      	negs	r3, r2
10000e5e:	415a      	adcs	r2, r3
10000e60:	2380      	movs	r3, #128	; 0x80
10000e62:	015b      	lsls	r3, r3, #5
10000e64:	469c      	mov	ip, r3
10000e66:	0312      	lsls	r2, r2, #12
10000e68:	4b16      	ldr	r3, [pc, #88]	; (10000ec4 <pll_init+0x94>)
10000e6a:	4462      	add	r2, ip
10000e6c:	601a      	str	r2, [r3, #0]
10000e6e:	4b16      	ldr	r3, [pc, #88]	; (10000ec8 <pll_init+0x98>)
10000e70:	601a      	str	r2, [r3, #0]
10000e72:	0017      	movs	r7, r2
10000e74:	682b      	ldr	r3, [r5, #0]
10000e76:	439f      	bics	r7, r3
10000e78:	d1fb      	bne.n	10000e72 <pll_init+0x42>
10000e7a:	4b14      	ldr	r3, [pc, #80]	; (10000ecc <pll_init+0x9c>)
10000e7c:	6026      	str	r6, [r4, #0]
10000e7e:	18e2      	adds	r2, r4, r3
10000e80:	2321      	movs	r3, #33	; 0x21
10000e82:	60a0      	str	r0, [r4, #8]
10000e84:	6013      	str	r3, [r2, #0]
10000e86:	6823      	ldr	r3, [r4, #0]
10000e88:	2b00      	cmp	r3, #0
10000e8a:	dafc      	bge.n	10000e86 <pll_init+0x56>
10000e8c:	2308      	movs	r3, #8
10000e8e:	60e1      	str	r1, [r4, #12]
10000e90:	6013      	str	r3, [r2, #0]
10000e92:	bdf8      	pop	{r3, r4, r5, r6, r7, pc}
10000e94:	233f      	movs	r3, #63	; 0x3f
10000e96:	6822      	ldr	r2, [r4, #0]
10000e98:	4013      	ands	r3, r2
10000e9a:	42b3      	cmp	r3, r6
10000e9c:	d1db      	bne.n	10000e56 <pll_init+0x26>
10000e9e:	68a3      	ldr	r3, [r4, #8]
10000ea0:	051b      	lsls	r3, r3, #20
10000ea2:	0d1b      	lsrs	r3, r3, #20
10000ea4:	4283      	cmp	r3, r0
10000ea6:	d1d6      	bne.n	10000e56 <pll_init+0x26>
10000ea8:	22ee      	movs	r2, #238	; 0xee
10000eaa:	68e3      	ldr	r3, [r4, #12]
10000eac:	02d2      	lsls	r2, r2, #11
10000eae:	4013      	ands	r3, r2
10000eb0:	428b      	cmp	r3, r1
10000eb2:	d1d0      	bne.n	10000e56 <pll_init+0x26>
10000eb4:	e7ed      	b.n	10000e92 <pll_init+0x62>
10000eb6:	46c0      	nop			; (mov r8, r8)
10000eb8:	00b71b00 	.word	0x00b71b00
10000ebc:	bffd4000 	.word	0xbffd4000
10000ec0:	4000c008 	.word	0x4000c008
10000ec4:	4000e000 	.word	0x4000e000
10000ec8:	4000f000 	.word	0x4000f000
10000ecc:	00003004 	.word	0x00003004

10000ed0 <tick_start>:
10000ed0:	2380      	movs	r3, #128	; 0x80
10000ed2:	4a02      	ldr	r2, [pc, #8]	; (10000edc <tick_start+0xc>)
10000ed4:	009b      	lsls	r3, r3, #2
10000ed6:	430b      	orrs	r3, r1
10000ed8:	62d3      	str	r3, [r2, #44]	; 0x2c
10000eda:	4770      	bx	lr
10000edc:	40058000 	.word	0x40058000

10000ee0 <rom_func_lookup>:
10000ee0:	2314      	movs	r3, #20
10000ee2:	b510      	push	{r4, lr}
10000ee4:	0001      	movs	r1, r0
10000ee6:	8818      	ldrh	r0, [r3, #0]
10000ee8:	3304      	adds	r3, #4
10000eea:	881b      	ldrh	r3, [r3, #0]
10000eec:	4798      	blx	r3
10000eee:	bd10      	pop	{r4, pc}

10000ef0 <rom_data_lookup>:
10000ef0:	2316      	movs	r3, #22
10000ef2:	b510      	push	{r4, lr}
10000ef4:	0001      	movs	r1, r0
10000ef6:	8818      	ldrh	r0, [r3, #0]
10000ef8:	3302      	adds	r3, #2
10000efa:	881b      	ldrh	r3, [r3, #0]
10000efc:	4798      	blx	r3
10000efe:	bd10      	pop	{r4, pc}

10000f00 <rom_funcs_lookup>:
10000f00:	b5f8      	push	{r3, r4, r5, r6, r7, lr}
10000f02:	4647      	mov	r7, r8
10000f04:	46ce      	mov	lr, r9
10000f06:	b580      	push	{r7, lr}
10000f08:	1e0f      	subs	r7, r1, #0
10000f0a:	d019      	beq.n	10000f40 <rom_funcs_lookup+0x40>
10000f0c:	2314      	movs	r3, #20
10000f0e:	4699      	mov	r9, r3
10000f10:	3304      	adds	r3, #4
10000f12:	0004      	movs	r4, r0
10000f14:	2500      	movs	r5, #0
10000f16:	2601      	movs	r6, #1
10000f18:	4698      	mov	r8, r3
10000f1a:	464b      	mov	r3, r9
10000f1c:	8818      	ldrh	r0, [r3, #0]
10000f1e:	4643      	mov	r3, r8
10000f20:	6821      	ldr	r1, [r4, #0]
10000f22:	881b      	ldrh	r3, [r3, #0]
10000f24:	4798      	blx	r3
10000f26:	c401      	stmia	r4!, {r0}
10000f28:	1e43      	subs	r3, r0, #1
10000f2a:	4198      	sbcs	r0, r3
10000f2c:	3501      	adds	r5, #1
10000f2e:	4240      	negs	r0, r0
10000f30:	4006      	ands	r6, r0
10000f32:	42af      	cmp	r7, r5
10000f34:	d1f1      	bne.n	10000f1a <rom_funcs_lookup+0x1a>
10000f36:	0030      	movs	r0, r6
10000f38:	bcc0      	pop	{r6, r7}
10000f3a:	46b9      	mov	r9, r7
10000f3c:	46b0      	mov	r8, r6
10000f3e:	bdf8      	pop	{r3, r4, r5, r6, r7, pc}
10000f40:	2601      	movs	r6, #1
10000f42:	e7f8      	b.n	10000f36 <rom_funcs_lookup+0x36>

10000f44 <xosc_init>:
10000f44:	23aa      	movs	r3, #170	; 0xaa
10000f46:	4a06      	ldr	r2, [pc, #24]	; (10000f60 <xosc_init+0x1c>)
10000f48:	011b      	lsls	r3, r3, #4
10000f4a:	6013      	str	r3, [r2, #0]
10000f4c:	238d      	movs	r3, #141	; 0x8d
10000f4e:	005b      	lsls	r3, r3, #1
10000f50:	60d3      	str	r3, [r2, #12]
10000f52:	4904      	ldr	r1, [pc, #16]	; (10000f64 <xosc_init+0x20>)
10000f54:	4b04      	ldr	r3, [pc, #16]	; (10000f68 <xosc_init+0x24>)
10000f56:	6019      	str	r1, [r3, #0]
10000f58:	6853      	ldr	r3, [r2, #4]
10000f5a:	2b00      	cmp	r3, #0
10000f5c:	dafc      	bge.n	10000f58 <xosc_init+0x14>
10000f5e:	4770      	bx	lr
10000f60:	40024000 	.word	0x40024000
10000f64:	00fab000 	.word	0x00fab000
10000f68:	40026000 	.word	0x40026000

10000f6c <first_per_core_initializer>:
10000f6c:	4770      	bx	lr
10000f6e:	46c0      	nop			; (mov r8, r8)

10000f70 <hard_assertion_failure>:
10000f70:	b510      	push	{r4, lr}
10000f72:	4801      	ldr	r0, [pc, #4]	; (10000f78 <hard_assertion_failure+0x8>)
10000f74:	f7ff f9b6 	bl	100002e4 <panic>
10000f78:	100017d0 	.word	0x100017d0

10000f7c <runtime_run_initializers>:
10000f7c:	b570      	push	{r4, r5, r6, lr}
10000f7e:	4d07      	ldr	r5, [pc, #28]	; (10000f9c <runtime_run_initializers+0x20>)
10000f80:	4e07      	ldr	r6, [pc, #28]	; (10000fa0 <runtime_run_initializers+0x24>)
10000f82:	42b5      	cmp	r5, r6
10000f84:	d209      	bcs.n	10000f9a <runtime_run_initializers+0x1e>
10000f86:	2400      	movs	r4, #0
10000f88:	3e01      	subs	r6, #1
10000f8a:	1b76      	subs	r6, r6, r5
10000f8c:	08b6      	lsrs	r6, r6, #2
10000f8e:	cd08      	ldmia	r5!, {r3}
10000f90:	4798      	blx	r3
10000f92:	0023      	movs	r3, r4
10000f94:	3401      	adds	r4, #1
10000f96:	42b3      	cmp	r3, r6
10000f98:	d1f9      	bne.n	10000f8e <runtime_run_initializers+0x12>
10000f9a:	bd70      	pop	{r4, r5, r6, pc}
10000f9c:	10001760 	.word	0x10001760
10000fa0:	1000179c 	.word	0x1000179c

10000fa4 <runtime_init_early_resets>:
10000fa4:	4b05      	ldr	r3, [pc, #20]	; (10000fbc <runtime_init_early_resets+0x18>)
10000fa6:	4a06      	ldr	r2, [pc, #24]	; (10000fc0 <runtime_init_early_resets+0x1c>)
10000fa8:	4906      	ldr	r1, [pc, #24]	; (10000fc4 <runtime_init_early_resets+0x20>)
10000faa:	601a      	str	r2, [r3, #0]
10000fac:	4a06      	ldr	r2, [pc, #24]	; (10000fc8 <runtime_init_early_resets+0x24>)
10000fae:	4b07      	ldr	r3, [pc, #28]	; (10000fcc <runtime_init_early_resets+0x28>)
10000fb0:	601a      	str	r2, [r3, #0]
10000fb2:	0010      	movs	r0, r2
10000fb4:	680b      	ldr	r3, [r1, #0]
10000fb6:	4398      	bics	r0, r3
10000fb8:	d1fb      	bne.n	10000fb2 <runtime_init_early_resets+0xe>
10000fba:	4770      	bx	lr
10000fbc:	4000e000 	.word	0x4000e000
10000fc0:	fefbcdbf 	.word	0xfefbcdbf
10000fc4:	4000c008 	.word	0x4000c008
10000fc8:	003c7ffe 	.word	0x003c7ffe
10000fcc:	4000f000 	.word	0x4000f000

10000fd0 <runtime_init_usb_power_down>:
10000fd0:	4b04      	ldr	r3, [pc, #16]	; (10000fe4 <runtime_init_usb_power_down+0x14>)
10000fd2:	6cdb      	ldr	r3, [r3, #76]	; 0x4c
10000fd4:	2b00      	cmp	r3, #0
10000fd6:	d103      	bne.n	10000fe0 <runtime_init_usb_power_down+0x10>
10000fd8:	2280      	movs	r2, #128	; 0x80
10000fda:	4b03      	ldr	r3, [pc, #12]	; (10000fe8 <runtime_init_usb_power_down+0x18>)
10000fdc:	02d2      	lsls	r2, r2, #11
10000fde:	601a      	str	r2, [r3, #0]
10000fe0:	4770      	bx	lr
10000fe2:	46c0      	nop			; (mov r8, r8)
10000fe4:	50110000 	.word	0x50110000
10000fe8:	5011204c 	.word	0x5011204c

10000fec <runtime_init_post_clock_resets>:
10000fec:	4a04      	ldr	r2, [pc, #16]	; (10001000 <runtime_init_post_clock_resets+0x14>)
10000fee:	4b05      	ldr	r3, [pc, #20]	; (10001004 <runtime_init_post_clock_resets+0x18>)
10000ff0:	601a      	str	r2, [r3, #0]
10000ff2:	4a05      	ldr	r2, [pc, #20]	; (10001008 <runtime_init_post_clock_resets+0x1c>)
10000ff4:	6813      	ldr	r3, [r2, #0]
10000ff6:	01db      	lsls	r3, r3, #7
10000ff8:	3380      	adds	r3, #128	; 0x80
10000ffa:	d1fb      	bne.n	10000ff4 <runtime_init_post_clock_resets+0x8>
10000ffc:	4770      	bx	lr
10000ffe:	46c0      	nop			; (mov r8, r8)
10001000:	01ffffff 	.word	0x01ffffff
10001004:	4000f000 	.word	0x4000f000
10001008:	4000c008 	.word	0x4000c008

1000100c <runtime_init_rp2040_gpio_ie_disable>:
1000100c:	2240      	movs	r2, #64	; 0x40
1000100e:	4b03      	ldr	r3, [pc, #12]	; (1000101c <runtime_init_rp2040_gpio_ie_disable+0x10>)
10001010:	679a      	str	r2, [r3, #120]	; 0x78
10001012:	675a      	str	r2, [r3, #116]	; 0x74
10001014:	671a      	str	r2, [r3, #112]	; 0x70
10001016:	66da      	str	r2, [r3, #108]	; 0x6c
10001018:	4770      	bx	lr
1000101a:	46c0      	nop			; (mov r8, r8)
1000101c:	4001f000 	.word	0x4001f000

10001020 <runtime_init_spin_locks_reset>:
10001020:	b510      	push	{r4, lr}
10001022:	f7ff f9a5 	bl	10000370 <spin_locks_reset>
10001026:	bd10      	pop	{r4, pc}

10001028 <runtime_init_install_ram_vector_table>:
10001028:	b5f8      	push	{r3, r4, r5, r6, r7, lr}
1000102a:	4927      	ldr	r1, [pc, #156]	; (100010c8 <runtime_init_install_ram_vector_table+0xa0>)
1000102c:	4b27      	ldr	r3, [pc, #156]	; (100010cc <runtime_init_install_ram_vector_table+0xa4>)
1000102e:	4d28      	ldr	r5, [pc, #160]	; (100010d0 <runtime_init_install_ram_vector_table+0xa8>)
10001030:	1a5b      	subs	r3, r3, r1
10001032:	089c      	lsrs	r4, r3, #2
10001034:	0022      	movs	r2, r4
10001036:	2c30      	cmp	r4, #48	; 0x30
10001038:	d900      	bls.n	1000103c <runtime_init_install_ram_vector_table+0x14>
1000103a:	2230      	movs	r2, #48	; 0x30
1000103c:	0028      	movs	r0, r5
1000103e:	0092      	lsls	r2, r2, #2
10001040:	f000 f9b6 	bl	100013b0 <__wrap___aeabi_memcpy>
10001044:	2c2f      	cmp	r4, #47	; 0x2f
10001046:	d83c      	bhi.n	100010c2 <runtime_init_install_ram_vector_table+0x9a>
10001048:	2030      	movs	r0, #48	; 0x30
1000104a:	212f      	movs	r1, #47	; 0x2f
1000104c:	00a7      	lsls	r7, r4, #2
1000104e:	19eb      	adds	r3, r5, r7
10001050:	075b      	lsls	r3, r3, #29
10001052:	4a20      	ldr	r2, [pc, #128]	; (100010d4 <runtime_init_install_ram_vector_table+0xac>)
10001054:	1b00      	subs	r0, r0, r4
10001056:	0fdb      	lsrs	r3, r3, #31
10001058:	1b09      	subs	r1, r1, r4
1000105a:	2905      	cmp	r1, #5
1000105c:	d917      	bls.n	1000108e <runtime_init_install_ram_vector_table+0x66>
1000105e:	0026      	movs	r6, r4
10001060:	2b00      	cmp	r3, #0
10001062:	d001      	beq.n	10001068 <runtime_init_install_ram_vector_table+0x40>
10001064:	51ea      	str	r2, [r5, r7]
10001066:	1c66      	adds	r6, r4, #1
10001068:	1ac0      	subs	r0, r0, r3
1000106a:	18e3      	adds	r3, r4, r3
1000106c:	009b      	lsls	r3, r3, #2
1000106e:	0841      	lsrs	r1, r0, #1
10001070:	18eb      	adds	r3, r5, r3
10001072:	00c9      	lsls	r1, r1, #3
10001074:	18c9      	adds	r1, r1, r3
10001076:	601a      	str	r2, [r3, #0]
10001078:	605a      	str	r2, [r3, #4]
1000107a:	3308      	adds	r3, #8
1000107c:	428b      	cmp	r3, r1
1000107e:	d1fa      	bne.n	10001076 <runtime_init_install_ram_vector_table+0x4e>
10001080:	2301      	movs	r3, #1
10001082:	0001      	movs	r1, r0
10001084:	4399      	bics	r1, r3
10001086:	1874      	adds	r4, r6, r1
10001088:	4288      	cmp	r0, r1
1000108a:	d01a      	beq.n	100010c2 <runtime_init_install_ram_vector_table+0x9a>
1000108c:	00a7      	lsls	r7, r4, #2
1000108e:	51ea      	str	r2, [r5, r7]
10001090:	1c63      	adds	r3, r4, #1
10001092:	2c2f      	cmp	r4, #47	; 0x2f
10001094:	d015      	beq.n	100010c2 <runtime_init_install_ram_vector_table+0x9a>
10001096:	009b      	lsls	r3, r3, #2
10001098:	50ea      	str	r2, [r5, r3]
1000109a:	1ca3      	adds	r3, r4, #2
1000109c:	2c2e      	cmp	r4, #46	; 0x2e
1000109e:	d010      	beq.n	100010c2 <runtime_init_install_ram_vector_table+0x9a>
100010a0:	009b      	lsls	r3, r3, #2
100010a2:	50ea      	str	r2, [r5, r3]
100010a4:	1ce3      	adds	r3, r4, #3
100010a6:	2c2d      	cmp	r4, #45	; 0x2d
100010a8:	d00b      	beq.n	100010c2 <runtime_init_install_ram_vector_table+0x9a>
100010aa:	009b      	lsls	r3, r3, #2
100010ac:	50ea      	str	r2, [r5, r3]
100010ae:	1d23      	adds	r3, r4, #4
100010b0:	2c2c      	cmp	r4, #44	; 0x2c
100010b2:	d006      	beq.n	100010c2 <runtime_init_install_ram_vector_table+0x9a>
100010b4:	009b      	lsls	r3, r3, #2
100010b6:	50ea      	str	r2, [r5, r3]
100010b8:	1d63      	adds	r3, r4, #5
100010ba:	2c2b      	cmp	r4, #43	; 0x2b
100010bc:	d001      	beq.n	100010c2 <runtime_init_install_ram_vector_table+0x9a>
100010be:	009b      	lsls	r3, r3, #2
100010c0:	50ea      	str	r2, [r5, r3]
100010c2:	4b05      	ldr	r3, [pc, #20]	; (100010d8 <runtime_init_install_ram_vector_table+0xb0>)
100010c4:	609d      	str	r5, [r3, #8]
100010c6:	bdf8      	pop	{r3, r4, r5, r6, r7, pc}
100010c8:	10000100 	.word	0x10000100
100010cc:	100001c0 	.word	0x100001c0
100010d0:	20000000 	.word	0x20000000
100010d4:	100001c1 	.word	0x100001c1
100010d8:	e000ed00 	.word	0xe000ed00

100010dc <runtime_init_clocks>:
100010dc:	2300      	movs	r3, #0
100010de:	b510      	push	{r4, lr}
100010e0:	4c29      	ldr	r4, [pc, #164]	; (10001188 <runtime_init_clocks+0xac>)
100010e2:	b082      	sub	sp, #8
100010e4:	67a3      	str	r3, [r4, #120]	; 0x78
100010e6:	f7ff ff2d 	bl	10000f44 <xosc_init>
100010ea:	2201      	movs	r2, #1
100010ec:	4b27      	ldr	r3, [pc, #156]	; (1000118c <runtime_init_clocks+0xb0>)
100010ee:	601a      	str	r2, [r3, #0]
100010f0:	6c63      	ldr	r3, [r4, #68]	; 0x44
100010f2:	2b01      	cmp	r3, #1
100010f4:	d1fc      	bne.n	100010f0 <runtime_init_clocks+0x14>
100010f6:	2203      	movs	r2, #3
100010f8:	4b25      	ldr	r3, [pc, #148]	; (10001190 <runtime_init_clocks+0xb4>)
100010fa:	601a      	str	r2, [r3, #0]
100010fc:	4a22      	ldr	r2, [pc, #136]	; (10001188 <runtime_init_clocks+0xac>)
100010fe:	6b93      	ldr	r3, [r2, #56]	; 0x38
10001100:	2b01      	cmp	r3, #1
10001102:	d1fc      	bne.n	100010fe <runtime_init_clocks+0x22>
10001104:	3301      	adds	r3, #1
10001106:	9300      	str	r3, [sp, #0]
10001108:	2101      	movs	r1, #1
1000110a:	4a22      	ldr	r2, [pc, #136]	; (10001194 <runtime_init_clocks+0xb8>)
1000110c:	4822      	ldr	r0, [pc, #136]	; (10001198 <runtime_init_clocks+0xbc>)
1000110e:	3304      	adds	r3, #4
10001110:	f7ff fe8e 	bl	10000e30 <pll_init>
10001114:	2305      	movs	r3, #5
10001116:	2101      	movs	r1, #1
10001118:	9300      	str	r3, [sp, #0]
1000111a:	4a20      	ldr	r2, [pc, #128]	; (1000119c <runtime_init_clocks+0xc0>)
1000111c:	4820      	ldr	r0, [pc, #128]	; (100011a0 <runtime_init_clocks+0xc4>)
1000111e:	f7ff fe87 	bl	10000e30 <pll_init>
10001122:	2200      	movs	r2, #0
10001124:	2102      	movs	r1, #2
10001126:	2004      	movs	r0, #4
10001128:	4b1e      	ldr	r3, [pc, #120]	; (100011a4 <runtime_init_clocks+0xc8>)
1000112a:	f7ff fe07 	bl	10000d3c <clock_configure_undivided>
1000112e:	2200      	movs	r2, #0
10001130:	2101      	movs	r1, #1
10001132:	2005      	movs	r0, #5
10001134:	4b1c      	ldr	r3, [pc, #112]	; (100011a8 <runtime_init_clocks+0xcc>)
10001136:	f7ff fe01 	bl	10000d3c <clock_configure_undivided>
1000113a:	2200      	movs	r2, #0
1000113c:	2100      	movs	r1, #0
1000113e:	2007      	movs	r0, #7
10001140:	4b1a      	ldr	r3, [pc, #104]	; (100011ac <runtime_init_clocks+0xd0>)
10001142:	f7ff fdfb 	bl	10000d3c <clock_configure_undivided>
10001146:	2200      	movs	r2, #0
10001148:	2100      	movs	r1, #0
1000114a:	2008      	movs	r0, #8
1000114c:	4b17      	ldr	r3, [pc, #92]	; (100011ac <runtime_init_clocks+0xd0>)
1000114e:	f7ff fdf5 	bl	10000d3c <clock_configure_undivided>
10001152:	2380      	movs	r3, #128	; 0x80
10001154:	00db      	lsls	r3, r3, #3
10001156:	9300      	str	r3, [sp, #0]
10001158:	2200      	movs	r2, #0
1000115a:	2100      	movs	r1, #0
1000115c:	2009      	movs	r0, #9
1000115e:	4b13      	ldr	r3, [pc, #76]	; (100011ac <runtime_init_clocks+0xd0>)
10001160:	f7ff fd72 	bl	10000c48 <clock_configure_int_divider>
10001164:	2200      	movs	r2, #0
10001166:	4b10      	ldr	r3, [pc, #64]	; (100011a8 <runtime_init_clocks+0xcc>)
10001168:	2100      	movs	r1, #0
1000116a:	2006      	movs	r0, #6
1000116c:	f7ff fde6 	bl	10000d3c <clock_configure_undivided>
10001170:	2004      	movs	r0, #4
10001172:	f7ff fe57 	bl	10000e24 <clock_get_hz>
10001176:	490e      	ldr	r1, [pc, #56]	; (100011b0 <runtime_init_clocks+0xd4>)
10001178:	f000 f824 	bl	100011c4 <__wrap___aeabi_uidiv>
1000117c:	0001      	movs	r1, r0
1000117e:	2000      	movs	r0, #0
10001180:	f7ff fea6 	bl	10000ed0 <tick_start>
10001184:	b002      	add	sp, #8
10001186:	bd10      	pop	{r4, pc}
10001188:	40008000 	.word	0x40008000
1000118c:	4000b03c 	.word	0x4000b03c
10001190:	4000b030 	.word	0x4000b030
10001194:	59682f00 	.word	0x59682f00
10001198:	40028000 	.word	0x40028000
1000119c:	47868c00 	.word	0x47868c00
100011a0:	4002c000 	.word	0x4002c000
100011a4:	00b71b00 	.word	0x00b71b00
100011a8:	07735940 	.word	0x07735940
100011ac:	02dc6c00 	.word	0x02dc6c00
100011b0:	000f4240 	.word	0x000f4240

100011b4 <__aeabi_bits_init>:
100011b4:	4801      	ldr	r0, [pc, #4]	; (100011bc <__aeabi_bits_init+0x8>)
100011b6:	2104      	movs	r1, #4
100011b8:	4b01      	ldr	r3, [pc, #4]	; (100011c0 <__aeabi_bits_init+0xc>)
100011ba:	4718      	bx	r3
100011bc:	20000210 	.word	0x20000210
100011c0:	10000f01 	.word	0x10000f01

100011c4 <__wrap___aeabi_uidiv>:
100011c4:	4a11      	ldr	r2, [pc, #68]	; (1000120c <divmod_u32u32_savestate+0x18>)
100011c6:	6f93      	ldr	r3, [r2, #120]	; 0x78
100011c8:	089b      	lsrs	r3, r3, #2
100011ca:	d213      	bcs.n	100011f4 <divmod_u32u32_savestate>

100011cc <divmod_u32u32_core>:
100011cc:	6610      	str	r0, [r2, #96]	; 0x60
100011ce:	6651      	str	r1, [r2, #100]	; 0x64
100011d0:	2900      	cmp	r1, #0
100011d2:	d005      	beq.n	100011e0 <divmod_u32u32_core+0x14>
100011d4:	e7ff      	b.n	100011d6 <divmod_u32u32_core+0xa>
100011d6:	e7ff      	b.n	100011d8 <divmod_u32u32_core+0xc>
100011d8:	e7ff      	b.n	100011da <divmod_u32u32_core+0xe>
100011da:	6f51      	ldr	r1, [r2, #116]	; 0x74
100011dc:	6f10      	ldr	r0, [r2, #112]	; 0x70
100011de:	4770      	bx	lr
100011e0:	b504      	push	{r2, lr}
100011e2:	2800      	cmp	r0, #0
100011e4:	d001      	beq.n	100011ea <divmod_u32u32_core+0x1e>
100011e6:	2000      	movs	r0, #0
100011e8:	43c0      	mvns	r0, r0
100011ea:	f000 faa1 	bl	10001730 <____aeabi_idiv0_veneer>
100011ee:	2100      	movs	r1, #0
100011f0:	bd04      	pop	{r2, pc}
100011f2:	46c0      	nop			; (mov r8, r8)

100011f4 <divmod_u32u32_savestate>:
100011f4:	b5f0      	push	{r4, r5, r6, r7, lr}
100011f6:	6e14      	ldr	r4, [r2, #96]	; 0x60
100011f8:	6e55      	ldr	r5, [r2, #100]	; 0x64
100011fa:	6f57      	ldr	r7, [r2, #116]	; 0x74
100011fc:	6f16      	ldr	r6, [r2, #112]	; 0x70
100011fe:	f7ff ffe5 	bl	100011cc <divmod_u32u32_core>
10001202:	6614      	str	r4, [r2, #96]	; 0x60
10001204:	6655      	str	r5, [r2, #100]	; 0x64
10001206:	6757      	str	r7, [r2, #116]	; 0x74
10001208:	6716      	str	r6, [r2, #112]	; 0x70
1000120a:	bdf0      	pop	{r4, r5, r6, r7, pc}
1000120c:	d0000000 	.word	0xd0000000

10001210 <__aeabi_double_init>:
10001210:	2313      	movs	r3, #19
10001212:	b570      	push	{r4, r5, r6, lr}
10001214:	781d      	ldrb	r5, [r3, #0]
10001216:	2d01      	cmp	r5, #1
10001218:	d019      	beq.n	1000124e <__aeabi_double_init+0x3e>
1000121a:	dd14      	ble.n	10001246 <__aeabi_double_init+0x36>
1000121c:	481e      	ldr	r0, [pc, #120]	; (10001298 <__aeabi_double_init+0x88>)
1000121e:	f7ff fe67 	bl	10000ef0 <rom_data_lookup>
10001222:	0006      	movs	r6, r0
10001224:	481d      	ldr	r0, [pc, #116]	; (1000129c <__aeabi_double_init+0x8c>)
10001226:	f7ff fe63 	bl	10000ef0 <rom_data_lookup>
1000122a:	4c1d      	ldr	r4, [pc, #116]	; (100012a0 <__aeabi_double_init+0x90>)
1000122c:	2280      	movs	r2, #128	; 0x80
1000122e:	0031      	movs	r1, r6
10001230:	0020      	movs	r0, r4
10001232:	f000 f8bd 	bl	100013b0 <__wrap___aeabi_memcpy>
10001236:	2d02      	cmp	r5, #2
10001238:	d006      	beq.n	10001248 <__aeabi_double_init+0x38>
1000123a:	481a      	ldr	r0, [pc, #104]	; (100012a4 <__aeabi_double_init+0x94>)
1000123c:	f7ff fe50 	bl	10000ee0 <rom_func_lookup>
10001240:	4b19      	ldr	r3, [pc, #100]	; (100012a8 <__aeabi_double_init+0x98>)
10001242:	6018      	str	r0, [r3, #0]
10001244:	bd70      	pop	{r4, r5, r6, pc}
10001246:	4c16      	ldr	r4, [pc, #88]	; (100012a0 <__aeabi_double_init+0x90>)
10001248:	4b18      	ldr	r3, [pc, #96]	; (100012ac <__aeabi_double_init+0x9c>)
1000124a:	64a3      	str	r3, [r4, #72]	; 0x48
1000124c:	e7f5      	b.n	1000123a <__aeabi_double_init+0x2a>
1000124e:	4b17      	ldr	r3, [pc, #92]	; (100012ac <__aeabi_double_init+0x9c>)
10001250:	4c13      	ldr	r4, [pc, #76]	; (100012a0 <__aeabi_double_init+0x90>)
10001252:	6023      	str	r3, [r4, #0]
10001254:	6063      	str	r3, [r4, #4]
10001256:	60a3      	str	r3, [r4, #8]
10001258:	60e3      	str	r3, [r4, #12]
1000125a:	6123      	str	r3, [r4, #16]
1000125c:	6163      	str	r3, [r4, #20]
1000125e:	61a3      	str	r3, [r4, #24]
10001260:	61e3      	str	r3, [r4, #28]
10001262:	6223      	str	r3, [r4, #32]
10001264:	6263      	str	r3, [r4, #36]	; 0x24
10001266:	62a3      	str	r3, [r4, #40]	; 0x28
10001268:	62e3      	str	r3, [r4, #44]	; 0x2c
1000126a:	6323      	str	r3, [r4, #48]	; 0x30
1000126c:	6363      	str	r3, [r4, #52]	; 0x34
1000126e:	63a3      	str	r3, [r4, #56]	; 0x38
10001270:	63e3      	str	r3, [r4, #60]	; 0x3c
10001272:	6423      	str	r3, [r4, #64]	; 0x40
10001274:	6463      	str	r3, [r4, #68]	; 0x44
10001276:	64a3      	str	r3, [r4, #72]	; 0x48
10001278:	64e3      	str	r3, [r4, #76]	; 0x4c
1000127a:	6523      	str	r3, [r4, #80]	; 0x50
1000127c:	6563      	str	r3, [r4, #84]	; 0x54
1000127e:	65a3      	str	r3, [r4, #88]	; 0x58
10001280:	65e3      	str	r3, [r4, #92]	; 0x5c
10001282:	6623      	str	r3, [r4, #96]	; 0x60
10001284:	6663      	str	r3, [r4, #100]	; 0x64
10001286:	66a3      	str	r3, [r4, #104]	; 0x68
10001288:	66e3      	str	r3, [r4, #108]	; 0x6c
1000128a:	6723      	str	r3, [r4, #112]	; 0x70
1000128c:	6763      	str	r3, [r4, #116]	; 0x74
1000128e:	67a3      	str	r3, [r4, #120]	; 0x78
10001290:	67e3      	str	r3, [r4, #124]	; 0x7c
10001292:	64a3      	str	r3, [r4, #72]	; 0x48
10001294:	e7d1      	b.n	1000123a <__aeabi_double_init+0x2a>
10001296:	46c0      	nop			; (mov r8, r8)
10001298:	00004453 	.word	0x00004453
1000129c:	00004653 	.word	0x00004653
100012a0:	200003b8 	.word	0x200003b8
100012a4:	0000334c 	.word	0x0000334c
100012a8:	20000600 	.word	0x20000600
100012ac:	100012b1 	.word	0x100012b1

100012b0 <double_table_shim_on_use_helper>:
100012b0:	b507      	push	{r0, r1, r2, lr}
100012b2:	4660      	mov	r0, ip
100012b4:	8801      	ldrh	r1, [r0, #0]
100012b6:	0a0a      	lsrs	r2, r1, #8
100012b8:	3002      	adds	r0, #2
100012ba:	2adf      	cmp	r2, #223	; 0xdf
100012bc:	d1fa      	bne.n	100012b4 <double_table_shim_on_use_helper+0x4>
100012be:	b2c9      	uxtb	r1, r1
100012c0:	0882      	lsrs	r2, r0, #2
100012c2:	d304      	bcc.n	100012ce <double_table_shim_on_use_helper+0x1e>
100012c4:	8802      	ldrh	r2, [r0, #0]
100012c6:	8840      	ldrh	r0, [r0, #2]
100012c8:	0400      	lsls	r0, r0, #16
100012ca:	4310      	orrs	r0, r2
100012cc:	e000      	b.n	100012d0 <double_table_shim_on_use_helper+0x20>
100012ce:	6800      	ldr	r0, [r0, #0]
100012d0:	4a01      	ldr	r2, [pc, #4]	; (100012d8 <double_table_shim_on_use_helper+0x28>)
100012d2:	5050      	str	r0, [r2, r1]
100012d4:	9003      	str	r0, [sp, #12]
100012d6:	bd07      	pop	{r0, r1, r2, pc}
100012d8:	200003b8 	.word	0x200003b8

100012dc <__wrap___aeabi_lmul>:
100012dc:	4351      	muls	r1, r2
100012de:	4343      	muls	r3, r0
100012e0:	18c9      	adds	r1, r1, r3
100012e2:	468c      	mov	ip, r1
100012e4:	0c11      	lsrs	r1, r2, #16
100012e6:	b283      	uxth	r3, r0
100012e8:	434b      	muls	r3, r1
100012ea:	b410      	push	{r4}
100012ec:	0c04      	lsrs	r4, r0, #16
100012ee:	4361      	muls	r1, r4
100012f0:	b292      	uxth	r2, r2
100012f2:	b280      	uxth	r0, r0
100012f4:	4350      	muls	r0, r2
100012f6:	4362      	muls	r2, r4
100012f8:	041c      	lsls	r4, r3, #16
100012fa:	0c1b      	lsrs	r3, r3, #16
100012fc:	1900      	adds	r0, r0, r4
100012fe:	bc10      	pop	{r4}
10001300:	4159      	adcs	r1, r3
10001302:	0413      	lsls	r3, r2, #16
10001304:	0c12      	lsrs	r2, r2, #16
10001306:	18c0      	adds	r0, r0, r3
10001308:	4151      	adcs	r1, r2
1000130a:	4461      	add	r1, ip
1000130c:	4770      	bx	lr
	...

10001310 <__aeabi_float_init>:
10001310:	2313      	movs	r3, #19
10001312:	b510      	push	{r4, lr}
10001314:	4812      	ldr	r0, [pc, #72]	; (10001360 <__aeabi_float_init+0x50>)
10001316:	781c      	ldrb	r4, [r3, #0]
10001318:	f7ff fdea 	bl	10000ef0 <rom_data_lookup>
1000131c:	0001      	movs	r1, r0
1000131e:	2c01      	cmp	r4, #1
10001320:	d00a      	beq.n	10001338 <__aeabi_float_init+0x28>
10001322:	dd03      	ble.n	1000132c <__aeabi_float_init+0x1c>
10001324:	2280      	movs	r2, #128	; 0x80
10001326:	480f      	ldr	r0, [pc, #60]	; (10001364 <__aeabi_float_init+0x54>)
10001328:	f000 f842 	bl	100013b0 <__wrap___aeabi_memcpy>
1000132c:	480e      	ldr	r0, [pc, #56]	; (10001368 <__aeabi_float_init+0x58>)
1000132e:	f7ff fdd7 	bl	10000ee0 <rom_func_lookup>
10001332:	4b0e      	ldr	r3, [pc, #56]	; (1000136c <__aeabi_float_init+0x5c>)
10001334:	6018      	str	r0, [r3, #0]
10001336:	bd10      	pop	{r4, pc}
10001338:	4c0a      	ldr	r4, [pc, #40]	; (10001364 <__aeabi_float_init+0x54>)
1000133a:	2254      	movs	r2, #84	; 0x54
1000133c:	0020      	movs	r0, r4
1000133e:	f000 f837 	bl	100013b0 <__wrap___aeabi_memcpy>
10001342:	4b0b      	ldr	r3, [pc, #44]	; (10001370 <__aeabi_float_init+0x60>)
10001344:	6563      	str	r3, [r4, #84]	; 0x54
10001346:	65a3      	str	r3, [r4, #88]	; 0x58
10001348:	65e3      	str	r3, [r4, #92]	; 0x5c
1000134a:	6623      	str	r3, [r4, #96]	; 0x60
1000134c:	6663      	str	r3, [r4, #100]	; 0x64
1000134e:	66a3      	str	r3, [r4, #104]	; 0x68
10001350:	66e3      	str	r3, [r4, #108]	; 0x6c
10001352:	6723      	str	r3, [r4, #112]	; 0x70
10001354:	6763      	str	r3, [r4, #116]	; 0x74
10001356:	67a3      	str	r3, [r4, #120]	; 0x78
10001358:	67e3      	str	r3, [r4, #124]	; 0x7c
1000135a:	6223      	str	r3, [r4, #32]
1000135c:	61e3      	str	r3, [r4, #28]
1000135e:	e7e5      	b.n	1000132c <__aeabi_float_init+0x1c>
10001360:	00004653 	.word	0x00004653
10001364:	200004b8 	.word	0x200004b8
10001368:	0000334c 	.word	0x0000334c
1000136c:	20000600 	.word	0x20000600
10001370:	10001375 	.word	0x10001375

10001374 <float_table_shim_on_use_helper>:
10001374:	b507      	push	{r0, r1, r2, lr}
10001376:	4660      	mov	r0, ip
10001378:	8801      	ldrh	r1, [r0, #0]
1000137a:	0a0a      	lsrs	r2, r1, #8
1000137c:	3002      	adds	r0, #2
1000137e:	2adf      	cmp	r2, #223	; 0xdf
10001380:	d1fa      	bne.n	10001378 <float_table_shim_on_use_helper+0x4>
10001382:	b2c9      	uxtb	r1, r1
10001384:	0882      	lsrs	r2, r0, #2
10001386:	d304      	bcc.n	10001392 <float_table_shim_on_use_helper+0x1e>
10001388:	8802      	ldrh	r2, [r0, #0]
1000138a:	8840      	ldrh	r0, [r0, #2]
1000138c:	0400      	lsls	r0, r0, #16
1000138e:	4310      	orrs	r0, r2
10001390:	e000      	b.n	10001394 <float_table_shim_on_use_helper+0x20>
10001392:	6800      	ldr	r0, [r0, #0]
10001394:	4a01      	ldr	r2, [pc, #4]	; (1000139c <float_table_shim_on_use_helper+0x28>)
10001396:	5050      	str	r0, [r2, r1]
10001398:	9003      	str	r0, [sp, #12]
1000139a:	bd07      	pop	{r0, r1, r2, pc}
1000139c:	200004b8 	.word	0x200004b8

100013a0 <__aeabi_mem_init>:
100013a0:	4801      	ldr	r0, [pc, #4]	; (100013a8 <__aeabi_mem_init+0x8>)
100013a2:	2104      	movs	r1, #4
100013a4:	4b01      	ldr	r3, [pc, #4]	; (100013ac <__aeabi_mem_init+0xc>)
100013a6:	4718      	bx	r3
100013a8:	20000220 	.word	0x20000220
100013ac:	10000f01 	.word	0x10000f01

100013b0 <__wrap___aeabi_memcpy>:
100013b0:	4b01      	ldr	r3, [pc, #4]	; (100013b8 <__wrap___aeabi_memcpy+0x8>)
100013b2:	685b      	ldr	r3, [r3, #4]
100013b4:	4718      	bx	r3
100013b6:	0000      	.short	0x0000
100013b8:	20000220 	.word	0x20000220

100013bc <_out_char>:
100013bc:	b510      	push	{r4, lr}
100013be:	2800      	cmp	r0, #0
100013c0:	d100      	bne.n	100013c4 <_out_char+0x8>
100013c2:	bd10      	pop	{r4, pc}
100013c4:	f000 f91a 	bl	100015fc <__wrap_putchar>
100013c8:	e7fb      	b.n	100013c2 <_out_char+0x6>
100013ca:	46c0      	nop			; (mov r8, r8)

100013cc <weak_raw_vprintf>:
100013cc:	b510      	push	{r4, lr}
100013ce:	4a09      	ldr	r2, [pc, #36]	; (100013f4 <weak_raw_vprintf+0x28>)
100013d0:	0003      	movs	r3, r0
100013d2:	6814      	ldr	r4, [r2, #0]
100013d4:	b084      	sub	sp, #16
100013d6:	2c00      	cmp	r4, #0
100013d8:	d008      	beq.n	100013ec <weak_raw_vprintf+0x20>
100013da:	2201      	movs	r2, #1
100013dc:	9100      	str	r1, [sp, #0]
100013de:	4806      	ldr	r0, [pc, #24]	; (100013f8 <weak_raw_vprintf+0x2c>)
100013e0:	4252      	negs	r2, r2
100013e2:	a903      	add	r1, sp, #12
100013e4:	47a0      	blx	r4
100013e6:	2001      	movs	r0, #1
100013e8:	b004      	add	sp, #16
100013ea:	bd10      	pop	{r4, pc}
100013ec:	f000 f952 	bl	10001694 <__wrap_puts>
100013f0:	2000      	movs	r0, #0
100013f2:	e7f9      	b.n	100013e8 <weak_raw_vprintf+0x1c>
100013f4:	200005ec 	.word	0x200005ec
100013f8:	100013bd 	.word	0x100013bd

100013fc <_exit>:
100013fc:	be00      	bkpt	0x0000
100013fe:	e7fd      	b.n	100013fc <_exit>

10001400 <_fini>:
10001400:	4770      	bx	lr
10001402:	46c0      	nop			; (mov r8, r8)

10001404 <exit>:
10001404:	b510      	push	{r4, lr}
10001406:	f7ff fff9 	bl	100013fc <_exit>
1000140a:	46c0      	nop			; (mov r8, r8)

1000140c <runtime_init>:
1000140c:	b570      	push	{r4, r5, r6, lr}
1000140e:	f7ff fdb5 	bl	10000f7c <runtime_run_initializers>
10001412:	4d07      	ldr	r5, [pc, #28]	; (10001430 <runtime_init+0x24>)
10001414:	4e07      	ldr	r6, [pc, #28]	; (10001434 <runtime_init+0x28>)
10001416:	42b5      	cmp	r5, r6
10001418:	d209      	bcs.n	1000142e <runtime_init+0x22>
1000141a:	2400      	movs	r4, #0
1000141c:	3e01      	subs	r6, #1
1000141e:	1b76      	subs	r6, r6, r5
10001420:	08b6      	lsrs	r6, r6, #2
10001422:	cd08      	ldmia	r5!, {r3}
10001424:	4798      	blx	r3
10001426:	0023      	movs	r3, r4
10001428:	3401      	adds	r4, #1
1000142a:	42b3      	cmp	r3, r6
1000142c:	d1f9      	bne.n	10001422 <runtime_init+0x16>
1000142e:	bd70      	pop	{r4, r5, r6, pc}
10001430:	1000179c 	.word	0x1000179c
10001434:	1000179c 	.word	0x1000179c

10001438 <stdio_out_chars_no_crlf>:
10001438:	0003      	movs	r3, r0
1000143a:	b510      	push	{r4, lr}
1000143c:	0008      	movs	r0, r1
1000143e:	0011      	movs	r1, r2
10001440:	681b      	ldr	r3, [r3, #0]
10001442:	4798      	blx	r3
10001444:	bd10      	pop	{r4, pc}
10001446:	46c0      	nop			; (mov r8, r8)

10001448 <stdio_out_chars_crlf>:
10001448:	b5f0      	push	{r4, r5, r6, r7, lr}
1000144a:	4646      	mov	r6, r8
1000144c:	464f      	mov	r7, r9
1000144e:	46d6      	mov	lr, sl
10001450:	b5c0      	push	{r6, r7, lr}
10001452:	7d43      	ldrb	r3, [r0, #21]
10001454:	4680      	mov	r8, r0
10001456:	000e      	movs	r6, r1
10001458:	0017      	movs	r7, r2
1000145a:	2b00      	cmp	r3, #0
1000145c:	d046      	beq.n	100014ec <stdio_out_chars_crlf+0xa4>
1000145e:	2a00      	cmp	r2, #0
10001460:	dd3f      	ble.n	100014e2 <stdio_out_chars_crlf+0x9a>
10001462:	1e4b      	subs	r3, r1, #1
10001464:	4699      	mov	r9, r3
10001466:	4b24      	ldr	r3, [pc, #144]	; (100014f8 <stdio_out_chars_crlf+0xb0>)
10001468:	2501      	movs	r5, #1
1000146a:	2400      	movs	r4, #0
1000146c:	2000      	movs	r0, #0
1000146e:	469a      	mov	sl, r3
10001470:	e00d      	b.n	1000148e <stdio_out_chars_crlf+0x46>
10001472:	464b      	mov	r3, r9
10001474:	5d1b      	ldrb	r3, [r3, r4]
10001476:	3b0d      	subs	r3, #13
10001478:	425a      	negs	r2, r3
1000147a:	4153      	adcs	r3, r2
1000147c:	5d32      	ldrb	r2, [r6, r4]
1000147e:	b2db      	uxtb	r3, r3
10001480:	2a0a      	cmp	r2, #10
10001482:	d00b      	beq.n	1000149c <stdio_out_chars_crlf+0x54>
10001484:	002b      	movs	r3, r5
10001486:	3401      	adds	r4, #1
10001488:	3501      	adds	r5, #1
1000148a:	429f      	cmp	r7, r3
1000148c:	dd1a      	ble.n	100014c4 <stdio_out_chars_crlf+0x7c>
1000148e:	2c00      	cmp	r4, #0
10001490:	d1ef      	bne.n	10001472 <stdio_out_chars_crlf+0x2a>
10001492:	4643      	mov	r3, r8
10001494:	5d32      	ldrb	r2, [r6, r4]
10001496:	7d1b      	ldrb	r3, [r3, #20]
10001498:	2a0a      	cmp	r2, #10
1000149a:	d1f3      	bne.n	10001484 <stdio_out_chars_crlf+0x3c>
1000149c:	2b00      	cmp	r3, #0
1000149e:	d1f1      	bne.n	10001484 <stdio_out_chars_crlf+0x3c>
100014a0:	42a0      	cmp	r0, r4
100014a2:	da04      	bge.n	100014ae <stdio_out_chars_crlf+0x66>
100014a4:	4643      	mov	r3, r8
100014a6:	1a21      	subs	r1, r4, r0
100014a8:	681b      	ldr	r3, [r3, #0]
100014aa:	1830      	adds	r0, r6, r0
100014ac:	4798      	blx	r3
100014ae:	4643      	mov	r3, r8
100014b0:	4650      	mov	r0, sl
100014b2:	681b      	ldr	r3, [r3, #0]
100014b4:	2102      	movs	r1, #2
100014b6:	4798      	blx	r3
100014b8:	3401      	adds	r4, #1
100014ba:	0028      	movs	r0, r5
100014bc:	002b      	movs	r3, r5
100014be:	3501      	adds	r5, #1
100014c0:	429f      	cmp	r7, r3
100014c2:	dce4      	bgt.n	1000148e <stdio_out_chars_crlf+0x46>
100014c4:	4287      	cmp	r7, r0
100014c6:	dd04      	ble.n	100014d2 <stdio_out_chars_crlf+0x8a>
100014c8:	4643      	mov	r3, r8
100014ca:	1a39      	subs	r1, r7, r0
100014cc:	681b      	ldr	r3, [r3, #0]
100014ce:	1830      	adds	r0, r6, r0
100014d0:	4798      	blx	r3
100014d2:	19f6      	adds	r6, r6, r7
100014d4:	3e01      	subs	r6, #1
100014d6:	7833      	ldrb	r3, [r6, #0]
100014d8:	3b0d      	subs	r3, #13
100014da:	425a      	negs	r2, r3
100014dc:	4153      	adcs	r3, r2
100014de:	4642      	mov	r2, r8
100014e0:	7513      	strb	r3, [r2, #20]
100014e2:	bce0      	pop	{r5, r6, r7}
100014e4:	46ba      	mov	sl, r7
100014e6:	46b1      	mov	r9, r6
100014e8:	46a8      	mov	r8, r5
100014ea:	bdf0      	pop	{r4, r5, r6, r7, pc}
100014ec:	6803      	ldr	r3, [r0, #0]
100014ee:	0011      	movs	r1, r2
100014f0:	0030      	movs	r0, r6
100014f2:	4798      	blx	r3
100014f4:	e7f5      	b.n	100014e2 <stdio_out_chars_crlf+0x9a>
100014f6:	46c0      	nop			; (mov r8, r8)
100014f8:	10001870 	.word	0x10001870

100014fc <stdio_put_string>:
100014fc:	b5f0      	push	{r4, r5, r6, r7, lr}
100014fe:	46de      	mov	lr, fp
10001500:	4657      	mov	r7, sl
10001502:	464e      	mov	r6, r9
10001504:	4645      	mov	r5, r8
10001506:	b5e0      	push	{r5, r6, r7, lr}
10001508:	b085      	sub	sp, #20
1000150a:	0017      	movs	r7, r2
1000150c:	001c      	movs	r4, r3
1000150e:	0006      	movs	r6, r0
10001510:	000d      	movs	r5, r1
10001512:	f7ff fb7f 	bl	10000c14 <time_us_64>
10001516:	2300      	movs	r3, #0
10001518:	4a31      	ldr	r2, [pc, #196]	; (100015e0 <stdio_put_string+0xe4>)
1000151a:	1812      	adds	r2, r2, r0
1000151c:	414b      	adcs	r3, r1
1000151e:	2b00      	cmp	r3, #0
10001520:	db59      	blt.n	100015d6 <stdio_put_string+0xda>
10001522:	4930      	ldr	r1, [pc, #192]	; (100015e4 <stdio_put_string+0xe8>)
10001524:	0008      	movs	r0, r1
10001526:	468a      	mov	sl, r1
10001528:	f000 f90a 	bl	10001740 <__mutex_try_enter_block_until_veneer>
1000152c:	9001      	str	r0, [sp, #4]
1000152e:	1c6b      	adds	r3, r5, #1
10001530:	d103      	bne.n	1000153a <stdio_put_string+0x3e>
10001532:	0030      	movs	r0, r6
10001534:	f000 f8cc 	bl	100016d0 <strlen>
10001538:	0005      	movs	r5, r0
1000153a:	2c00      	cmp	r4, #0
1000153c:	d126      	bne.n	1000158c <stdio_put_string+0x90>
1000153e:	4b2a      	ldr	r3, [pc, #168]	; (100015e8 <stdio_put_string+0xec>)
10001540:	4698      	mov	r8, r3
10001542:	4b2a      	ldr	r3, [pc, #168]	; (100015ec <stdio_put_string+0xf0>)
10001544:	681c      	ldr	r4, [r3, #0]
10001546:	2c00      	cmp	r4, #0
10001548:	d015      	beq.n	10001576 <stdio_put_string+0x7a>
1000154a:	2f00      	cmp	r7, #0
1000154c:	d121      	bne.n	10001592 <stdio_put_string+0x96>
1000154e:	4f28      	ldr	r7, [pc, #160]	; (100015f0 <stdio_put_string+0xf4>)
10001550:	e002      	b.n	10001558 <stdio_put_string+0x5c>
10001552:	6924      	ldr	r4, [r4, #16]
10001554:	2c00      	cmp	r4, #0
10001556:	d00e      	beq.n	10001576 <stdio_put_string+0x7a>
10001558:	6823      	ldr	r3, [r4, #0]
1000155a:	2b00      	cmp	r3, #0
1000155c:	d0f9      	beq.n	10001552 <stdio_put_string+0x56>
1000155e:	683b      	ldr	r3, [r7, #0]
10001560:	2b00      	cmp	r3, #0
10001562:	d001      	beq.n	10001568 <stdio_put_string+0x6c>
10001564:	42a3      	cmp	r3, r4
10001566:	d1f4      	bne.n	10001552 <stdio_put_string+0x56>
10001568:	0020      	movs	r0, r4
1000156a:	002a      	movs	r2, r5
1000156c:	0031      	movs	r1, r6
1000156e:	47c0      	blx	r8
10001570:	6924      	ldr	r4, [r4, #16]
10001572:	2c00      	cmp	r4, #0
10001574:	d1f0      	bne.n	10001558 <stdio_put_string+0x5c>
10001576:	9b01      	ldr	r3, [sp, #4]
10001578:	2b00      	cmp	r3, #0
1000157a:	d128      	bne.n	100015ce <stdio_put_string+0xd2>
1000157c:	0028      	movs	r0, r5
1000157e:	b005      	add	sp, #20
10001580:	bcf0      	pop	{r4, r5, r6, r7}
10001582:	46bb      	mov	fp, r7
10001584:	46b2      	mov	sl, r6
10001586:	46a9      	mov	r9, r5
10001588:	46a0      	mov	r8, r4
1000158a:	bdf0      	pop	{r4, r5, r6, r7, pc}
1000158c:	4b19      	ldr	r3, [pc, #100]	; (100015f4 <stdio_put_string+0xf8>)
1000158e:	4698      	mov	r8, r3
10001590:	e7d7      	b.n	10001542 <stdio_put_string+0x46>
10001592:	4b17      	ldr	r3, [pc, #92]	; (100015f0 <stdio_put_string+0xf4>)
10001594:	4699      	mov	r9, r3
10001596:	ab02      	add	r3, sp, #8
10001598:	1ddf      	adds	r7, r3, #7
1000159a:	230a      	movs	r3, #10
1000159c:	469b      	mov	fp, r3
1000159e:	e002      	b.n	100015a6 <stdio_put_string+0xaa>
100015a0:	6924      	ldr	r4, [r4, #16]
100015a2:	2c00      	cmp	r4, #0
100015a4:	d0e7      	beq.n	10001576 <stdio_put_string+0x7a>
100015a6:	6823      	ldr	r3, [r4, #0]
100015a8:	2b00      	cmp	r3, #0
100015aa:	d0f9      	beq.n	100015a0 <stdio_put_string+0xa4>
100015ac:	464b      	mov	r3, r9
100015ae:	681b      	ldr	r3, [r3, #0]
100015b0:	2b00      	cmp	r3, #0
100015b2:	d001      	beq.n	100015b8 <stdio_put_string+0xbc>
100015b4:	42a3      	cmp	r3, r4
100015b6:	d1f3      	bne.n	100015a0 <stdio_put_string+0xa4>
100015b8:	002a      	movs	r2, r5
100015ba:	0031      	movs	r1, r6
100015bc:	0020      	movs	r0, r4
100015be:	47c0      	blx	r8
100015c0:	465b      	mov	r3, fp
100015c2:	2201      	movs	r2, #1
100015c4:	0039      	movs	r1, r7
100015c6:	0020      	movs	r0, r4
100015c8:	703b      	strb	r3, [r7, #0]
100015ca:	47c0      	blx	r8
100015cc:	e7e8      	b.n	100015a0 <stdio_put_string+0xa4>
100015ce:	4650      	mov	r0, sl
100015d0:	f000 f8be 	bl	10001750 <__mutex_exit_veneer>
100015d4:	e7d2      	b.n	1000157c <stdio_put_string+0x80>
100015d6:	2201      	movs	r2, #1
100015d8:	4b07      	ldr	r3, [pc, #28]	; (100015f8 <stdio_put_string+0xfc>)
100015da:	4252      	negs	r2, r2
100015dc:	e7a1      	b.n	10001522 <stdio_put_string+0x26>
100015de:	46c0      	nop			; (mov r8, r8)
100015e0:	000f4240 	.word	0x000f4240
100015e4:	20000230 	.word	0x20000230
100015e8:	10001439 	.word	0x10001439
100015ec:	200005e4 	.word	0x200005e4
100015f0:	200005e8 	.word	0x200005e8
100015f4:	10001449 	.word	0x10001449
100015f8:	7fffffff 	.word	0x7fffffff

100015fc <__wrap_putchar>:
100015fc:	b5f0      	push	{r4, r5, r6, r7, lr}
100015fe:	46ce      	mov	lr, r9
10001600:	4647      	mov	r7, r8
10001602:	b580      	push	{r7, lr}
10001604:	b083      	sub	sp, #12
10001606:	466b      	mov	r3, sp
10001608:	0006      	movs	r6, r0
1000160a:	1ddd      	adds	r5, r3, #7
1000160c:	7028      	strb	r0, [r5, #0]
1000160e:	f7ff fb01 	bl	10000c14 <time_us_64>
10001612:	2300      	movs	r3, #0
10001614:	4a1a      	ldr	r2, [pc, #104]	; (10001680 <__wrap_putchar+0x84>)
10001616:	1812      	adds	r2, r2, r0
10001618:	414b      	adcs	r3, r1
1000161a:	2b00      	cmp	r3, #0
1000161c:	db2b      	blt.n	10001676 <__wrap_putchar+0x7a>
1000161e:	4919      	ldr	r1, [pc, #100]	; (10001684 <__wrap_putchar+0x88>)
10001620:	0008      	movs	r0, r1
10001622:	4688      	mov	r8, r1
10001624:	f000 f88c 	bl	10001740 <__mutex_try_enter_block_until_veneer>
10001628:	4b17      	ldr	r3, [pc, #92]	; (10001688 <__wrap_putchar+0x8c>)
1000162a:	4681      	mov	r9, r0
1000162c:	681c      	ldr	r4, [r3, #0]
1000162e:	2c00      	cmp	r4, #0
10001630:	d014      	beq.n	1000165c <__wrap_putchar+0x60>
10001632:	4f16      	ldr	r7, [pc, #88]	; (1000168c <__wrap_putchar+0x90>)
10001634:	e002      	b.n	1000163c <__wrap_putchar+0x40>
10001636:	6924      	ldr	r4, [r4, #16]
10001638:	2c00      	cmp	r4, #0
1000163a:	d00f      	beq.n	1000165c <__wrap_putchar+0x60>
1000163c:	6823      	ldr	r3, [r4, #0]
1000163e:	2b00      	cmp	r3, #0
10001640:	d0f9      	beq.n	10001636 <__wrap_putchar+0x3a>
10001642:	683b      	ldr	r3, [r7, #0]
10001644:	2b00      	cmp	r3, #0
10001646:	d001      	beq.n	1000164c <__wrap_putchar+0x50>
10001648:	42a3      	cmp	r3, r4
1000164a:	d1f4      	bne.n	10001636 <__wrap_putchar+0x3a>
1000164c:	0020      	movs	r0, r4
1000164e:	2201      	movs	r2, #1
10001650:	0029      	movs	r1, r5
10001652:	f7ff fef9 	bl	10001448 <stdio_out_chars_crlf>
10001656:	6924      	ldr	r4, [r4, #16]
10001658:	2c00      	cmp	r4, #0
1000165a:	d1ef      	bne.n	1000163c <__wrap_putchar+0x40>
1000165c:	464b      	mov	r3, r9
1000165e:	2b00      	cmp	r3, #0
10001660:	d105      	bne.n	1000166e <__wrap_putchar+0x72>
10001662:	0030      	movs	r0, r6
10001664:	b003      	add	sp, #12
10001666:	bcc0      	pop	{r6, r7}
10001668:	46b9      	mov	r9, r7
1000166a:	46b0      	mov	r8, r6
1000166c:	bdf0      	pop	{r4, r5, r6, r7, pc}
1000166e:	4640      	mov	r0, r8
10001670:	f000 f86e 	bl	10001750 <__mutex_exit_veneer>
10001674:	e7f5      	b.n	10001662 <__wrap_putchar+0x66>
10001676:	2201      	movs	r2, #1
10001678:	4b05      	ldr	r3, [pc, #20]	; (10001690 <__wrap_putchar+0x94>)
1000167a:	4252      	negs	r2, r2
1000167c:	e7cf      	b.n	1000161e <__wrap_putchar+0x22>
1000167e:	46c0      	nop			; (mov r8, r8)
10001680:	000f4240 	.word	0x000f4240
10001684:	20000230 	.word	0x20000230
10001688:	200005e4 	.word	0x200005e4
1000168c:	200005e8 	.word	0x200005e8
10001690:	7fffffff 	.word	0x7fffffff

10001694 <__wrap_puts>:
10001694:	b570      	push	{r4, r5, r6, lr}
10001696:	0004      	movs	r4, r0
10001698:	f000 f81a 	bl	100016d0 <strlen>
1000169c:	2301      	movs	r3, #1
1000169e:	0001      	movs	r1, r0
100016a0:	0005      	movs	r5, r0
100016a2:	2201      	movs	r2, #1
100016a4:	0020      	movs	r0, r4
100016a6:	f7ff ff29 	bl	100014fc <stdio_put_string>
100016aa:	4b08      	ldr	r3, [pc, #32]	; (100016cc <__wrap_puts+0x38>)
100016ac:	681c      	ldr	r4, [r3, #0]
100016ae:	2c00      	cmp	r4, #0
100016b0:	d006      	beq.n	100016c0 <__wrap_puts+0x2c>
100016b2:	6863      	ldr	r3, [r4, #4]
100016b4:	2b00      	cmp	r3, #0
100016b6:	d005      	beq.n	100016c4 <__wrap_puts+0x30>
100016b8:	4798      	blx	r3
100016ba:	6924      	ldr	r4, [r4, #16]
100016bc:	2c00      	cmp	r4, #0
100016be:	d1f8      	bne.n	100016b2 <__wrap_puts+0x1e>
100016c0:	0028      	movs	r0, r5
100016c2:	bd70      	pop	{r4, r5, r6, pc}
100016c4:	6924      	ldr	r4, [r4, #16]
100016c6:	2c00      	cmp	r4, #0
100016c8:	d1f3      	bne.n	100016b2 <__wrap_puts+0x1e>
100016ca:	e7f9      	b.n	100016c0 <__wrap_puts+0x2c>
100016cc:	200005e4 	.word	0x200005e4

100016d0 <strlen>:
100016d0:	b510      	push	{r4, lr}
100016d2:	0783      	lsls	r3, r0, #30
100016d4:	d00a      	beq.n	100016ec <strlen+0x1c>
100016d6:	0003      	movs	r3, r0
100016d8:	2103      	movs	r1, #3
100016da:	e002      	b.n	100016e2 <strlen+0x12>
100016dc:	3301      	adds	r3, #1
100016de:	420b      	tst	r3, r1
100016e0:	d005      	beq.n	100016ee <strlen+0x1e>
100016e2:	781a      	ldrb	r2, [r3, #0]
100016e4:	2a00      	cmp	r2, #0
100016e6:	d1f9      	bne.n	100016dc <strlen+0xc>
100016e8:	1a18      	subs	r0, r3, r0
100016ea:	bd10      	pop	{r4, pc}
100016ec:	0003      	movs	r3, r0
100016ee:	6819      	ldr	r1, [r3, #0]
100016f0:	4a0c      	ldr	r2, [pc, #48]	; (10001724 <strlen+0x54>)
100016f2:	4c0d      	ldr	r4, [pc, #52]	; (10001728 <strlen+0x58>)
100016f4:	188a      	adds	r2, r1, r2
100016f6:	438a      	bics	r2, r1
100016f8:	4222      	tst	r2, r4
100016fa:	d10f      	bne.n	1000171c <strlen+0x4c>
100016fc:	6859      	ldr	r1, [r3, #4]
100016fe:	4a09      	ldr	r2, [pc, #36]	; (10001724 <strlen+0x54>)
10001700:	3304      	adds	r3, #4
10001702:	188a      	adds	r2, r1, r2
10001704:	438a      	bics	r2, r1
10001706:	4222      	tst	r2, r4
10001708:	d108      	bne.n	1000171c <strlen+0x4c>
1000170a:	6859      	ldr	r1, [r3, #4]
1000170c:	4a05      	ldr	r2, [pc, #20]	; (10001724 <strlen+0x54>)
1000170e:	3304      	adds	r3, #4
10001710:	188a      	adds	r2, r1, r2
10001712:	438a      	bics	r2, r1
10001714:	4222      	tst	r2, r4
10001716:	d0f1      	beq.n	100016fc <strlen+0x2c>
10001718:	e000      	b.n	1000171c <strlen+0x4c>
1000171a:	3301      	adds	r3, #1
1000171c:	781a      	ldrb	r2, [r3, #0]
1000171e:	2a00      	cmp	r2, #0
10001720:	d1fb      	bne.n	1000171a <strlen+0x4a>
10001722:	e7e1      	b.n	100016e8 <strlen+0x18>
10001724:	fefefeff 	.word	0xfefefeff
10001728:	80808080 	.word	0x80808080
1000172c:	00000000 	.word	0x00000000

10001730 <____aeabi_idiv0_veneer>:
10001730:	b401      	push	{r0}
10001732:	4802      	ldr	r0, [pc, #8]	; (1000173c <____aeabi_idiv0_veneer+0xc>)
10001734:	4684      	mov	ip, r0
10001736:	bc01      	pop	{r0}
10001738:	4760      	bx	ip
1000173a:	bf00      	nop
1000173c:	200001d5 	.word	0x200001d5

10001740 <__mutex_try_enter_block_until_veneer>:
10001740:	b401      	push	{r0}
10001742:	4802      	ldr	r0, [pc, #8]	; (1000174c <__mutex_try_enter_block_until_veneer+0xc>)
10001744:	4684      	mov	ip, r0
10001746:	bc01      	pop	{r0}
10001748:	4760      	bx	ip
1000174a:	bf00      	nop
1000174c:	20000179 	.word	0x20000179

10001750 <__mutex_exit_veneer>:
10001750:	b401      	push	{r0}
10001752:	4802      	ldr	r0, [pc, #8]	; (1000175c <__mutex_exit_veneer+0xc>)
10001754:	4684      	mov	ip, r0
10001756:	bc01      	pop	{r0}
10001758:	4760      	bx	ip
1000175a:	bf00      	nop
1000175c:	200001ad 	.word	0x200001ad

10001760 <__pre_init_runtime_init_early_resets>:
10001760:	10000fa5                                ....

10001764 <__pre_init_runtime_init_usb_power_down>:
10001764:	10000fd1 100011b5 100013a1 10001211     ................
10001774:	10001311                                ....

10001778 <__pre_init_runtime_init_clocks>:
10001778:	100010dd                                ....

1000177c <__pre_init_runtime_init_post_clock_resets>:
1000177c:	10000fed                                ....

10001780 <__pre_init_runtime_init_rp2040_gpio_ie_disable>:
10001780:	1000100d                                ....

10001784 <__pre_init_runtime_init_spin_locks_reset>:
10001784:	10001021                                !...

10001788 <__pre_init_runtime_init_mutex>:
10001788:	10000439                                9...

1000178c <__pre_init_runtime_init_install_ram_vector_table>:
1000178c:	10001029                                )...

10001790 <__pre_init_runtime_init_default_alarm_pool>:
10001790:	100007c9                                ....

10001794 <__pre_init_first_per_core_initializer>:
10001794:	10000f6d                                m...

10001798 <__pre_init_runtime_init_per_core_irq_priorities>:
10001798:	1000038d                                ....

Disassembly of section .data:

200000c0 <mutex_try_enter>:
200000c0:	0003      	movs	r3, r0
200000c2:	6800      	ldr	r0, [r0, #0]
200000c4:	f3ef 8c10 	mrs	ip, PRIMASK
200000c8:	b672      	cpsid	i
200000ca:	6802      	ldr	r2, [r0, #0]
200000cc:	2a00      	cmp	r2, #0
200000ce:	d0fc      	beq.n	200000ca <mutex_try_enter+0xa>
200000d0:	f3bf 8f5f 	dmb	sy
200000d4:	2204      	movs	r2, #4
200000d6:	569a      	ldrsb	r2, [r3, r2]
200000d8:	2a00      	cmp	r2, #0
200000da:	db0b      	blt.n	200000f4 <mutex_try_enter+0x34>
200000dc:	2900      	cmp	r1, #0
200000de:	d00f      	beq.n	20000100 <mutex_try_enter+0x40>
200000e0:	2000      	movs	r0, #0
200000e2:	600a      	str	r2, [r1, #0]
200000e4:	681b      	ldr	r3, [r3, #0]
200000e6:	f3bf 8f5f 	dmb	sy
200000ea:	2200      	movs	r2, #0
200000ec:	601a      	str	r2, [r3, #0]
200000ee:	f38c 8810 	msr	PRIMASK, ip
200000f2:	4770      	bx	lr
200000f4:	22d0      	movs	r2, #208	; 0xd0
200000f6:	0612      	lsls	r2, r2, #24
200000f8:	6812      	ldr	r2, [r2, #0]
200000fa:	2001      	movs	r0, #1
200000fc:	711a      	strb	r2, [r3, #4]
200000fe:	e7f1      	b.n	200000e4 <mutex_try_enter+0x24>
20000100:	2000      	movs	r0, #0
20000102:	e7ef      	b.n	200000e4 <mutex_try_enter+0x24>

20000104 <mutex_enter_block_until>:
20000104:	b5f0      	push	{r4, r5, r6, r7, lr}
20000106:	464f      	mov	r7, r9
20000108:	46d6      	mov	lr, sl
2000010a:	4646      	mov	r6, r8
2000010c:	b5c0      	push	{r6, r7, lr}
2000010e:	001f      	movs	r7, r3
20000110:	23d0      	movs	r3, #208	; 0xd0
20000112:	061b      	lsls	r3, r3, #24
20000114:	681b      	ldr	r3, [r3, #0]
20000116:	0004      	movs	r4, r0
20000118:	469a      	mov	sl, r3
2000011a:	2300      	movs	r3, #0
2000011c:	4690      	mov	r8, r2
2000011e:	4699      	mov	r9, r3
20000120:	e00c      	b.n	2000013c <mutex_enter_block_until+0x38>
20000122:	6822      	ldr	r2, [r4, #0]
20000124:	f3bf 8f5f 	dmb	sy
20000128:	4649      	mov	r1, r9
2000012a:	6011      	str	r1, [r2, #0]
2000012c:	f383 8810 	msr	PRIMASK, r3
20000130:	4640      	mov	r0, r8
20000132:	0039      	movs	r1, r7
20000134:	f000 f850 	bl	200001d8 <__best_effort_wfe_or_timeout_veneer>
20000138:	2800      	cmp	r0, #0
2000013a:	d11a      	bne.n	20000172 <mutex_enter_block_until+0x6e>
2000013c:	6826      	ldr	r6, [r4, #0]
2000013e:	f3ef 8310 	mrs	r3, PRIMASK
20000142:	b672      	cpsid	i
20000144:	6835      	ldr	r5, [r6, #0]
20000146:	2d00      	cmp	r5, #0
20000148:	d0fc      	beq.n	20000144 <mutex_enter_block_until+0x40>
2000014a:	f3bf 8f5f 	dmb	sy
2000014e:	7925      	ldrb	r5, [r4, #4]
20000150:	2d7f      	cmp	r5, #127	; 0x7f
20000152:	d9e6      	bls.n	20000122 <mutex_enter_block_until+0x1e>
20000154:	4652      	mov	r2, sl
20000156:	7122      	strb	r2, [r4, #4]
20000158:	6822      	ldr	r2, [r4, #0]
2000015a:	f3bf 8f5f 	dmb	sy
2000015e:	2100      	movs	r1, #0
20000160:	6011      	str	r1, [r2, #0]
20000162:	f383 8810 	msr	PRIMASK, r3
20000166:	2001      	movs	r0, #1
20000168:	bce0      	pop	{r5, r6, r7}
2000016a:	46ba      	mov	sl, r7
2000016c:	46b1      	mov	r9, r6
2000016e:	46a8      	mov	r8, r5
20000170:	bdf0      	pop	{r4, r5, r6, r7, pc}
20000172:	2000      	movs	r0, #0
20000174:	e7f8      	b.n	20000168 <mutex_enter_block_until+0x64>
20000176:	46c0      	nop			; (mov r8, r8)

20000178 <mutex_try_enter_block_until>:
20000178:	b570      	push	{r4, r5, r6, lr}
2000017a:	b082      	sub	sp, #8
2000017c:	a901      	add	r1, sp, #4
2000017e:	0004      	movs	r4, r0
20000180:	0016      	movs	r6, r2
20000182:	001d      	movs	r5, r3
20000184:	f7ff ff9c 	bl	200000c0 <mutex_try_enter>
20000188:	2800      	cmp	r0, #0
2000018a:	d107      	bne.n	2000019c <mutex_try_enter_block_until+0x24>
2000018c:	22d0      	movs	r2, #208	; 0xd0
2000018e:	0612      	lsls	r2, r2, #24
20000190:	9b01      	ldr	r3, [sp, #4]
20000192:	7812      	ldrb	r2, [r2, #0]
20000194:	b25b      	sxtb	r3, r3
20000196:	b252      	sxtb	r2, r2
20000198:	4293      	cmp	r3, r2
2000019a:	d101      	bne.n	200001a0 <mutex_try_enter_block_until+0x28>
2000019c:	b002      	add	sp, #8
2000019e:	bd70      	pop	{r4, r5, r6, pc}
200001a0:	0032      	movs	r2, r6
200001a2:	002b      	movs	r3, r5
200001a4:	0020      	movs	r0, r4
200001a6:	f7ff ffad 	bl	20000104 <mutex_enter_block_until>
200001aa:	e7f7      	b.n	2000019c <mutex_try_enter_block_until+0x24>

200001ac <mutex_exit>:
200001ac:	6802      	ldr	r2, [r0, #0]
200001ae:	f3ef 8110 	mrs	r1, PRIMASK
200001b2:	b672      	cpsid	i
200001b4:	6813      	ldr	r3, [r2, #0]
200001b6:	2b00      	cmp	r3, #0
200001b8:	d0fc      	beq.n	200001b4 <mutex_exit+0x8>
200001ba:	f3bf 8f5f 	dmb	sy
200001be:	23ff      	movs	r3, #255	; 0xff
200001c0:	7103      	strb	r3, [r0, #4]
200001c2:	6803      	ldr	r3, [r0, #0]
200001c4:	f3bf 8f5f 	dmb	sy
200001c8:	2200      	movs	r2, #0
200001ca:	601a      	str	r2, [r3, #0]
200001cc:	f381 8810 	msr	PRIMASK, r1
200001d0:	bf40      	sev
200001d2:	4770      	bx	lr

200001d4 <__aeabi_idiv0>:
200001d4:	4770      	bx	lr
200001d6:	46c0      	nop			; (mov r8, r8)

200001d8 <__best_effort_wfe_or_timeout_veneer>:
200001d8:	b401      	push	{r0}
200001da:	4802      	ldr	r0, [pc, #8]	; (200001e4 <__best_effort_wfe_or_timeout_veneer+0xc>)
200001dc:	4684      	mov	ip, r0
200001de:	bc01      	pop	{r0}
200001e0:	4760      	bx	ip
200001e2:	bf00      	nop
200001e4:	10000ad5 	.word	0x10000ad5

200001e8 <striped_spin_lock_num>:
200001e8:	00000010                                ....

200001ec <default_alarm_pool>:
	...
20000200:	20000238 00000000                       8.. ....

20000208 <last_added.0>:
20000208:	ffffffff 7fffffff                       ........

20000210 <aeabi_bits_funcs>:
20000210:	00003350 	.word	0x00003350
20000214:	0000334c 	.word	0x0000334c
20000218:	00003354 	.word	0x00003354
2000021c:	00003352 	.word	0x00003352

20000220 <aeabi_bits_funcs_end>:
20000220:	0000534d 	.word	0x0000534d
20000224:	0000434d 	.word	0x0000434d
20000228:	00003453 	.word	0x00003453
2000022c:	00003443 	.word	0x00003443

20000230 <print_mutex>:
	...
